所在城市,所在区县,所在街道或地区,小区名称,面积,租赁方式,朝向,月租,计费方式,室,厅,卫,入住,租期,看房,所在楼层,总楼层,电梯,车位,用水,用电,燃气,采暖
1,1,1,1,14,2,4,1200,2,2,1,1,1,8,1,3,6,2,1,1,1,1,1
1,2,2,2,15,2,2,1050,2,3,1,1,1,12,1,2,27,1,2,1,1,1,1
1,3,3,3,18,2,2,700,2,2,1,1,1,8,1,3,16,1,1,1,1,1,1
1,2,2,2,12,2,5,650,2,1,1,1,1,4,1,1,20,2,2,1,1,1,1
1,3,3,3,20,2,2,800,2,2,1,1,1,8,1,3,16,1,1,1,1,1,1
1,4,4,4,60,1,4,2100,3,1,0,1,1,12,1,2,48,1,3,1,1,1,1
1,3,5,5,20,2,2,500,2,3,1,1,1,8,1,3,8,1,1,1,1,1,1
1,5,6,6,48,1,1,1800,2,1,1,1,1,8,1,3,7,2,1,1,1,1,1
1,5,7,7,37,1,1,1650,2,1,1,1,1,8,1,3,7,2,1,1,1,1,1
1,6,8,8,16,2,2,1500,2,3,2,2,1,8,1,3,14,1,1,1,1,1,1
1,6,8,9,50,1,2,1200,2,1,1,1,1,8,1,1,30,1,1,1,1,1,1
1,2,9,10,12,2,2,860,2,4,1,1,1,12,1,1,8,1,1,1,1,1,1
1,3,5,11,19,2,4,900,2,2,2,1,1,8,1,2,26,1,1,1,1,1,1
1,7,10,12,16,2,2,800,2,5,1,2,1,6,1,3,7,2,1,1,1,1,1
1,6,8,13,15,2,2,1300,2,3,1,1,1,8,1,2,18,1,1,1,1,1,1
1,2,11,14,20,2,2,1300,2,5,1,1,1,8,1,2,6,2,1,1,1,1,1
1,2,11,14,14,2,2,1200,2,5,1,1,1,8,1,2,6,2,1,1,1,1,1
1,5,12,15,37,1,2,1850,2,1,1,1,1,8,1,2,7,2,1,1,1,1,1
1,5,13,16,40,1,2,2200,2,1,1,1,1,8,1,1,29,1,1,1,1,2,1
1,5,12,17,61,1,2,2000,2,2,1,1,1,8,1,2,5,2,1,1,1,1,1
1,5,12,18,61,1,2,1900,2,2,1,1,1,8,1,1,6,2,1,1,1,1,1
1,8,14,19,11,2,2,930,2,3,1,1,1,12,1,1,33,1,1,1,1,1,1
1,3,15,20,20,2,2,1300,2,4,1,2,1,8,1,3,8,1,1,3,3,1,1
1,9,16,21,15,2,2,1560,2,2,1,1,1,12,1,3,6,2,1,1,1,1,1
1,6,8,22,111,1,2,2600,2,3,1,1,1,8,1,3,25,1,1,1,1,1,1
1,1,17,23,16,2,4,1200,1,4,1,1,1,11,1,3,7,2,3,1,1,1,1
1,5,12,24,91,1,7,3200,2,3,1,1,1,8,1,2,7,2,1,1,1,1,1
1,2,2,25,12,2,2,1360,2,3,1,1,1,12,1,1,6,2,3,1,1,1,1
1,9,18,26,22,2,5,1050,1,4,1,1,1,3,1,1,8,1,2,1,1,1,1
1,9,18,27,25,2,2,1150,1,3,1,1,1,3,2,3,6,2,2,1,1,1,1
1,9,19,28,16,2,1,1399,1,2,0,2,1,12,1,2,24,1,3,1,1,1,1
1,2,2,29,17,2,4,798,1,3,1,1,1,1,1,3,6,2,2,1,1,1,2
1,2,2,29,18,2,2,1058,1,3,1,1,1,1,1,3,6,2,2,1,1,1,2
1,5,6,30,60,1,2,3000,2,1,1,1,1,8,1,1,27,1,1,1,1,2,1
1,2,2,31,15,2,2,950,1,3,1,1,1,1,1,2,10,1,2,1,1,1,2
1,5,6,32,71,1,2,2700,2,2,1,1,1,8,1,2,5,2,1,1,1,1,1
1,2,2,31,18,2,2,950,1,3,1,1,1,1,1,3,10,3,2,3,3,3,2
1,5,20,33,53,1,1,2600,2,2,1,1,1,8,1,2,6,2,1,1,1,1,1
1,2,2,31,18,2,2,1000,1,3,1,1,1,1,1,3,10,3,2,3,3,3,2
1,5,21,34,68,1,1,2750,2,2,1,1,1,8,1,3,40,1,1,1,1,1,1
1,5,6,30,47,1,2,2500,2,1,1,1,1,8,1,1,27,1,1,1,1,2,1
1,5,6,30,46,1,2,2500,2,1,1,1,1,8,1,3,27,1,1,1,1,2,1
1,5,13,16,59,1,1,2500,2,1,0,1,1,8,1,2,29,1,1,2,1,2,1
1,5,6,30,60,1,7,3200,2,1,1,1,1,8,1,3,27,1,1,1,1,2,1
1,10,22,35,40,1,2,1250,4,1,1,1,1,3,1,3,6,2,3,1,1,1,1
1,3,5,5,15,2,4,500,2,3,1,1,1,8,1,3,8,1,1,1,1,1,1
1,9,23,36,28,1,2,1180,4,1,1,1,1,3,1,3,6,2,3,1,1,1,1
1,6,8,37,125,1,2,7000,2,3,2,2,1,8,1,2,5,2,1,1,1,1,1
1,6,8,38,100,1,2,3000,2,2,1,1,1,8,1,3,18,1,1,1,1,1,1
1,5,6,30,77,1,2,4600,2,2,1,1,1,8,1,1,31,1,1,1,1,1,1
1,7,24,39,87,1,2,4000,2,2,1,1,1,8,1,2,33,1,1,1,1,1,1
1,5,21,40,89,1,7,3500,2,2,1,1,1,8,1,2,32,1,1,1,1,1,1
1,9,19,41,170,1,5,7200,2,3,1,2,1,8,1,3,34,1,1,1,1,1,2
1,3,5,42,20,2,4,1200,2,2,1,1,1,8,1,3,18,1,1,1,1,1,1
1,9,23,36,45,1,2,1300,4,2,1,1,1,3,1,3,6,2,3,1,1,1,1
1,5,6,30,60,1,2,4500,2,1,1,1,1,8,1,3,27,1,1,1,1,2,1
1,11,25,43,12,2,2,960,2,3,1,1,1,12,1,3,6,2,3,1,1,1,1
1,5,6,30,46,1,2,4200,2,1,1,1,1,8,1,2,27,1,1,1,1,2,1
1,7,26,44,15,2,2,800,1,3,1,1,1,1,1,3,6,2,2,1,1,1,1
1,5,6,30,49,1,2,4500,2,1,1,1,1,8,1,3,27,1,1,1,1,2,1
1,1,27,45,34,1,2,960,4,1,1,1,1,3,1,2,5,2,3,1,1,1,1
1,1,28,46,15,2,2,850,1,4,1,1,1,1,1,3,6,2,2,1,1,1,1
1,7,29,47,41,1,5,1200,4,2,1,1,1,3,1,3,8,2,3,1,1,1,1
1,4,4,4,12,2,2,4600,2,2,2,2,1,8,1,3,33,1,1,1,1,2,1
1,1,27,48,37,1,2,1000,4,1,1,1,1,3,1,1,15,1,3,1,1,1,1
1,3,5,49,20,2,2,1700,2,2,1,1,1,8,1,1,11,1,1,3,3,1,1
1,1,30,50,15,2,2,1050,2,5,2,2,1,1,1,2,5,2,3,1,1,1,1
1,5,6,30,59,1,2,3000,2,1,1,1,1,8,1,3,27,1,1,1,1,2,1
1,5,6,51,16,2,2,999,2,3,1,1,1,3,1,3,7,2,2,1,1,1,1
1,2,9,52,92,1,2,3500,2,3,1,1,1,8,1,1,18,1,1,1,1,1,1
1,5,12,53,64,1,2,2450,2,2,1,1,1,8,1,2,6,2,1,1,1,1,1
1,5,31,54,29,1,4,1850,2,1,1,1,1,8,1,2,7,2,1,1,1,1,1
1,1,32,55,15,2,4,1000,2,4,1,1,1,8,1,2,6,2,1,1,1,1,1
1,10,33,56,76,1,1,1750,2,2,1,1,1,8,1,3,6,2,1,1,1,1,1
1,5,6,51,22,2,2,999,1,4,1,1,1,1,1,3,7,2,2,1,1,1,1
1,5,6,30,37,1,2,2400,2,1,1,1,1,8,1,2,27,1,1,1,1,2,1
1,1,34,57,18,2,2,1150,2,5,1,1,1,1,1,3,20,1,3,1,1,2,1
1,5,12,58,74,1,7,3550,2,2,1,1,1,8,1,3,28,1,1,1,1,1,1
1,5,21,59,15,2,6,1350,2,3,2,2,1,8,1,1,16,1,1,1,1,1,1
1,5,21,40,53,1,5,2400,2,1,1,1,1,8,1,3,32,1,1,1,1,1,1
1,5,21,60,87,1,5,3900,2,2,2,1,1,8,1,1,30,1,1,1,1,1,1
1,2,9,61,90,1,2,1000,2,3,2,2,1,12,2,3,9,1,3,1,1,1,1
1,12,35,62,60,1,2,1300,5,1,1,1,1,8,2,3,9,1,1,1,1,1,1
1,5,7,63,47,1,2,1150,5,1,1,1,1,8,2,3,6,2,2,1,1,1,1
1,5,36,64,15,2,2,1050,1,3,1,1,1,1,1,3,6,2,3,1,1,1,1
1,13,37,65,71,1,2,1300,2,1,1,1,20200731,12,2,3,5,2,2,1,1,1,1
1,2,2,66,17,2,2,1000,1,3,1,1,1,1,1,2,24,3,2,3,3,3,2
1,8,38,67,86,1,2,800,4,2,1,1,1,12,2,2,6,2,2,3,3,1,1
1,1,30,68,13,2,2,1000,1,5,1,1,1,1,1,3,6,2,3,1,1,1,1
1,3,5,49,93,1,2,800,4,2,1,1,1,12,2,2,11,1,1,3,3,1,1
1,7,29,69,12,2,2,650,1,3,1,1,1,1,1,3,6,2,2,1,1,1,1
1,7,29,69,17,2,2,900,1,3,1,1,1,1,1,3,6,2,2,1,1,1,1
1,7,29,69,15,2,2,900,1,3,1,1,1,1,1,3,6,2,2,1,1,1,1
1,8,38,67,86,1,2,800,4,2,1,1,1,12,2,2,6,2,2,3,3,1,1
1,7,29,69,17,2,2,900,1,3,1,1,1,1,1,3,6,2,2,1,1,1,1
1,12,35,70,106,1,2,1350,2,2,1,1,1,12,2,3,34,1,1,1,1,1,1
1,7,29,69,12,2,7,800,2,3,1,1,1,2,1,3,6,2,3,1,1,1,1
1,11,39,71,83,1,2,800,5,2,1,1,1,8,2,1,18,1,1,3,3,1,1
1,7,29,69,17,2,2,1000,2,3,1,1,1,2,1,3,6,2,3,1,1,1,1
1,1,40,72,34,1,2,1300,5,1,1,1,1,8,2,3,6,2,1,1,1,1,1
1,9,19,73,26,1,3,1200,2,1,1,1,1,24,2,2,8,2,1,1,1,1,1
1,9,23,74,57,1,2,1200,5,1,1,1,1,8,2,3,28,1,1,1,1,1,1
1,14,14,75,79,1,2,1300,2,2,1,1,1,12,2,2,5,2,2,1,1,1,1
1,8,38,76,88,1,2,1000,3,2,1,1,1,12,2,2,23,1,1,3,3,1,1
1,1,30,77,14,2,2,1190,2,3,1,1,1,12,1,3,7,2,1,1,1,1,1
1,1,40,78,38,1,2,1300,2,1,1,1,1,12,2,3,6,2,2,1,1,1,1
1,2,2,79,17,2,2,1050,1,3,1,1,1,3,1,2,10,2,2,3,3,1,2
1,3,41,80,69,1,2,800,5,2,1,1,1,12,2,2,11,1,1,1,1,1,1
1,6,42,81,40,1,2,650,5,1,1,1,1,8,2,3,6,2,1,1,1,1,1
1,10,22,35,40,1,2,1300,2,1,1,1,1,12,2,2,6,2,2,1,1,1,1
1,13,43,82,133,1,2,1000,2,3,2,2,1,12,2,3,25,1,1,1,1,1,1
1,8,38,83,79,1,2,1100,3,1,1,1,1,12,2,2,6,2,2,1,1,1,1
1,5,12,84,25,1,1,1200,5,1,1,1,1,8,2,3,6,2,1,3,3,1,1
1,13,44,85,72,1,2,1300,4,2,1,1,1,36,2,2,14,1,1,1,1,1,1
1,1,45,86,15,2,2,1050,1,4,1,1,1,1,1,3,6,2,3,1,1,1,1
1,9,46,87,35,1,3,1500,5,1,0,1,1,8,2,3,7,2,1,1,1,1,1
1,9,23,88,43,1,5,1350,4,1,1,1,1,3,1,3,6,2,3,1,1,1,1
1,6,42,89,40,1,2,850,5,1,1,1,1,8,2,3,6,2,1,1,1,1,1
1,5,7,90,15,2,2,1000,1,4,1,1,1,1,1,3,5,2,3,1,1,1,1
1,13,44,91,40,1,2,1200,5,1,1,1,20200716,8,2,2,6,2,1,1,1,1,1
1,1,17,92,15,2,2,1300,1,4,1,1,1,1,1,2,6,2,3,1,1,1,1
1,5,20,93,20,2,2,1298,1,3,1,1,1,3,1,3,24,1,2,1,1,1,1
1,2,2,94,19,2,2,1000,1,3,1,1,1,1,1,3,6,1,2,1,1,1,2
1,9,47,95,34,1,2,1500,2,1,1,1,1,24,2,3,6,2,1,1,1,1,1
1,5,48,96,15,2,2,1200,1,4,1,1,1,1,1,3,6,2,3,1,1,1,1
1,12,35,97,89,1,2,1100,3,2,1,1,1,12,2,2,34,1,1,1,1,1,1
1,5,49,98,16,2,2,1198,1,2,1,1,1,12,1,3,13,1,3,1,1,2,1
1,12,35,99,56,1,2,1100,5,1,1,1,1,8,2,2,34,1,1,1,1,1,1
1,1,17,92,18,2,2,1300,2,4,1,1,1,1,1,1,6,2,3,1,1,1,1
1,3,5,100,102,1,2,800,5,3,1,1,1,8,2,2,5,2,1,1,1,1,1
1,7,50,101,53,1,2,1000,5,1,1,1,1,8,2,2,29,1,1,3,3,1,2
1,2,9,102,90,2,2,700,2,3,1,1,1,12,2,1,15,1,3,1,1,1,1
1,6,51,103,40,1,2,900,2,1,1,1,1,12,2,2,4,2,2,3,3,1,1
1,10,52,104,22,1,2,1400,5,1,1,1,20200801,8,2,2,6,2,1,1,1,1,1
1,12,53,105,30,2,2,1400,2,5,1,2,1,3,1,3,34,1,3,1,1,1,1
1,10,22,106,34,1,2,1500,2,1,1,1,1,12,2,1,6,2,1,1,1,1,1
1,12,53,105,20,2,4,1000,2,5,1,2,1,3,1,3,34,1,3,1,1,1,1
1,12,54,107,40,1,2,1300,2,1,1,1,1,12,2,2,5,2,1,1,1,1,1
1,9,18,108,35,1,3,1300,2,1,0,1,1,12,2,3,6,2,2,1,1,1,1
1,9,18,108,16,1,2,1100,2,1,0,0,1,24,2,1,6,2,1,1,1,1,1
1,1,40,109,34,1,1,1300,5,1,1,1,1,8,2,3,6,2,1,1,1,1,1
1,14,38,110,77,1,1,1200,4,2,1,1,1,12,2,1,24,1,1,1,1,1,1
1,9,55,111,35,1,2,1600,5,1,1,1,1,8,2,3,8,2,1,1,1,1,1
1,9,56,112,22,1,4,1000,5,1,0,0,1,8,2,2,4,2,1,1,1,1,1
1,1,34,113,13,2,2,780,1,3,1,1,1,1,1,3,6,2,2,1,1,1,1
1,9,23,114,25,1,2,1500,2,1,1,1,20200731,12,2,1,6,2,2,1,1,1,1
1,9,16,115,12,2,4,1390,2,4,1,2,1,12,1,3,38,1,1,1,1,1,1
1,9,18,116,60,1,2,1600,5,2,1,1,1,8,2,2,6,2,1,1,1,1,1
1,2,2,117,15,2,5,840,1,2,1,1,1,12,1,1,6,2,2,1,1,1,1
1,9,16,118,44,1,2,1600,2,1,1,1,1,12,2,3,6,2,2,1,1,1,1
1,5,21,119,12,2,2,1099,2,4,1,1,1,3,1,2,27,1,1,1,1,1,1
1,1,34,120,46,1,2,1150,4,1,1,1,1,6,1,1,6,2,1,1,1,1,1
1,10,57,121,56,1,2,1400,2,1,1,1,1,6,1,3,29,1,2,1,1,1,1
1,13,43,82,54,1,2,1000,2,1,1,1,1,12,2,1,25,1,1,1,1,1,1
1,12,54,122,60,1,2,1500,1,2,1,1,1,12,1,3,6,2,2,1,1,1,1
1,13,44,85,72,1,2,1400,2,2,1,1,1,12,2,3,17,1,1,1,1,1,1
1,5,12,123,15,2,2,1000,1,4,1,1,1,1,1,3,6,2,3,1,1,1,1
1,3,5,124,80,1,2,600,4,2,1,1,1,12,2,1,6,2,1,3,3,1,1
1,5,21,119,12,2,2,999,1,4,1,2,1,3,1,1,27,1,2,1,1,1,1
1,10,33,125,31,1,2,1300,5,1,1,1,1,8,2,3,6,2,1,1,1,1,1
1,10,33,126,44,1,3,1400,2,1,1,1,1,12,2,3,7,2,1,1,1,1,1
1,1,40,127,56,1,2,1200,2,2,1,1,1,12,2,3,6,2,1,1,1,1,1
1,10,52,104,29,1,2,1300,5,1,1,1,20200810,8,2,1,6,2,1,1,1,1,1
1,13,58,128,51,1,2,1400,5,1,1,1,1,8,2,2,6,2,1,1,1,1,1
1,1,28,129,15,2,2,900,1,5,1,1,1,1,1,2,5,2,1,1,1,1,3
1,3,59,130,14,2,2,500,4,1,1,1,1,12,2,1,17,1,2,1,1,1,1
1,1,28,129,15,2,2,1000,1,5,1,1,1,1,1,2,5,2,1,1,1,1,3
1,1,40,131,39,1,2,1050,2,1,1,1,20200715,12,2,3,7,2,2,1,1,1,1
1,14,38,132,94,1,2,1200,5,2,1,1,1,12,2,1,6,2,2,3,3,1,1
1,13,43,82,136,1,2,1200,2,3,2,2,1,12,2,2,25,1,1,1,1,1,1
1,4,60,133,31,1,3,1700,2,1,0,1,1,12,2,3,6,2,1,1,1,1,1
1,14,38,134,95,1,2,1000,5,3,1,1,20200730,8,2,3,4,1,1,3,3,1,1
1,3,5,11,96,1,2,500,2,1,2,1,1,12,2,3,6,2,1,1,1,1,1
1,8,14,135,85,1,2,1100,3,2,1,1,1,12,2,2,6,2,2,1,1,1,1
1,1,28,129,15,2,2,1150,1,5,1,1,1,1,1,2,5,2,1,1,1,1,3
1,12,61,136,60,1,2,1500,2,2,1,1,1,12,2,3,6,2,2,1,1,1,1
1,1,28,129,13,2,2,1100,1,4,1,1,1,1,1,3,5,2,3,1,1,1,1
1,1,17,137,47,1,2,1300,5,1,1,1,1,8,2,3,6,2,1,1,1,1,1
1,9,16,138,40,1,5,1400,4,2,1,1,1,12,1,3,5,2,2,1,1,1,1
1,1,30,139,26,1,4,1200,2,2,1,1,1,8,2,3,5,2,2,1,1,1,1
1,1,17,140,20,2,5,1299,2,4,1,1,1,3,1,3,28,1,2,1,1,1,1
1,2,2,141,18,2,2,950,1,5,1,1,1,6,1,3,6,2,1,1,1,1,1
1,10,62,142,15,2,2,980,1,3,1,1,1,1,1,3,7,2,2,1,1,1,1
1,9,16,143,57,1,2,1600,5,2,1,1,1,8,2,2,5,2,1,1,1,1,1
1,10,62,142,15,2,2,980,1,3,1,1,1,1,1,3,7,2,2,1,1,1,1
1,13,43,144,63,1,2,1400,2,1,1,1,1,12,2,3,20,1,2,1,1,1,1
1,2,63,145,18,2,2,998,1,3,1,1,1,3,1,3,5,2,2,1,1,1,1
1,15,64,146,89,1,2,900,3,2,1,1,1,12,2,3,7,2,2,1,1,1,1
1,2,63,145,15,2,2,998,1,3,1,1,1,3,1,2,5,2,2,1,1,1,1
1,16,65,147,81,1,2,800,4,2,2,1,1,12,2,2,6,2,2,1,1,1,1
1,8,38,148,82,1,2,1000,2,2,1,1,1,36,2,2,6,2,2,1,1,1,1
1,3,5,5,91,1,2,500,5,3,1,1,1,12,2,1,8,1,3,1,1,1,1
1,11,39,149,87,1,2,1000,1,2,1,1,1,12,2,3,18,1,1,1,1,1,1
1,12,66,150,70,1,2,1500,2,1,1,1,1,12,2,1,18,1,1,1,1,1,1
1,2,63,145,15,2,4,898,1,3,1,1,1,3,1,3,5,2,2,1,1,1,1
1,14,38,151,89,1,2,1000,5,2,1,1,1,8,2,2,32,1,1,1,1,1,1
1,2,63,145,18,2,4,998,1,3,1,1,1,3,1,2,5,2,2,1,1,1,1
1,11,39,152,95,1,2,600,2,2,1,1,1,24,2,3,27,1,1,1,1,1,1
1,3,59,153,86,1,2,800,3,2,1,1,1,12,2,2,34,1,1,1,1,1,1
1,11,39,149,65,1,2,600,5,1,1,1,1,8,2,2,24,1,1,1,1,1,1
1,6,42,154,70,1,2,900,2,2,1,1,1,12,2,3,6,2,2,1,1,1,1
1,7,50,101,56,1,2,1000,2,1,1,1,1,12,2,3,28,1,1,1,1,1,1
1,14,38,155,102,1,2,1200,5,3,1,1,1,8,2,1,28,1,1,1,1,1,1
1,13,43,156,80,1,2,1100,2,2,1,1,1,12,2,1,18,1,2,1,1,1,1
1,2,63,145,18,2,2,998,1,3,1,1,1,3,1,3,5,2,2,1,1,1,1
1,3,5,11,128,1,2,800,4,3,1,2,1,24,2,2,24,1,2,1,1,1,1
1,2,63,145,15,2,2,998,1,3,1,1,1,3,1,3,5,2,2,1,1,1,1
1,13,37,157,105,1,2,1200,5,3,2,2,1,8,2,1,21,1,1,1,1,1,1
1,2,63,145,18,2,2,998,1,3,1,1,1,3,1,3,5,2,2,1,1,1,1
1,8,38,158,59,1,2,800,5,2,1,1,1,8,2,3,6,2,1,1,1,1,1
1,2,63,145,15,2,4,948,1,3,1,1,1,3,1,3,5,2,2,1,1,1,1
1,2,63,145,20,2,2,998,1,3,1,1,1,3,1,2,5,2,2,1,1,1,1
1,2,9,159,11,2,2,650,1,3,1,1,1,1,1,2,28,3,2,3,3,3,2
1,15,67,160,55,1,2,800,4,1,1,1,1,12,2,1,18,2,2,3,3,3,3
1,5,7,161,15,2,2,900,1,3,1,1,1,1,1,3,7,2,2,1,1,1,1
1,11,25,43,57,1,2,800,2,1,1,1,1,12,2,3,11,1,1,1,1,1,1
1,5,7,161,15,2,2,1050,1,4,1,1,1,1,1,2,7,2,3,1,1,1,1
1,2,9,162,81,1,2,950,1,2,1,1,1,12,2,1,18,1,1,1,1,1,1
1,2,63,163,18,2,2,998,1,3,1,1,1,3,1,3,5,2,2,1,1,1,1
1,6,42,164,105,1,2,800,1,2,1,1,1,12,3,3,18,1,2,1,1,1,1
1,11,39,165,74,1,2,900,2,2,1,1,1,36,2,3,28,1,1,1,1,1,1
1,12,54,166,58,1,2,1200,5,1,1,1,1,8,2,3,8,2,1,1,1,1,1
1,13,37,167,68,1,2,1000,5,2,1,1,1,8,2,3,21,1,1,1,1,1,1
1,6,51,168,66,1,2,800,5,2,1,1,1,8,2,1,5,2,1,1,1,1,1
1,2,63,163,16,2,3,998,1,3,1,1,1,3,1,3,5,2,2,1,1,1,1
1,8,38,169,54,1,2,1000,3,1,1,1,1,12,2,1,26,1,1,1,1,1,1
1,2,63,163,18,2,2,998,1,3,1,1,1,3,1,3,5,2,2,1,1,1,1
1,6,42,170,74,1,2,1000,2,2,1,1,1,12,2,3,6,2,2,1,1,1,1
1,13,68,171,60,1,2,1000,2,2,1,2,1,12,2,2,7,1,1,2,2,2,1
1,8,69,172,106,1,2,800,5,3,1,1,1,8,2,3,28,1,1,1,1,1,1
1,3,5,42,79,1,2,650,3,1,1,1,1,12,2,1,18,1,1,1,1,1,1
1,13,37,173,100,1,2,1300,5,2,1,1,1,8,2,2,14,1,1,1,1,1,1
1,2,70,174,81,1,2,1000,2,2,1,2,1,24,2,2,18,2,1,3,3,1,1
1,17,71,175,96,1,2,1100,1,2,1,1,1,12,2,2,5,2,1,3,3,3,1
1,2,63,163,18,2,2,998,1,3,1,1,1,3,1,3,5,2,2,1,1,1,1
1,8,38,169,54,1,2,1000,4,1,1,1,1,12,2,1,26,1,1,1,1,1,1
1,2,63,163,18,2,2,998,1,3,1,1,1,3,1,3,5,2,2,1,1,1,1
1,17,71,175,75,1,2,1200,2,2,1,1,1,1,2,3,5,2,2,3,3,3,3
1,2,63,163,16,2,4,998,1,3,1,1,1,3,1,3,5,2,2,1,1,1,1
1,8,72,176,69,1,1,800,2,1,1,1,1,12,2,1,21,1,2,1,1,1,1
1,2,63,163,17,2,2,1050,1,3,1,1,1,1,1,3,5,2,2,1,1,1,2
1,2,63,177,18,2,2,1050,1,3,1,1,1,1,1,2,5,2,2,3,3,1,2
1,2,63,177,18,2,2,1050,1,3,0,1,1,1,1,2,6,2,2,1,1,1,1
1,13,43,178,78,1,2,1400,2,2,1,1,1,24,2,3,18,1,2,1,1,1,1
1,2,63,145,12,2,2,648,1,3,1,1,1,3,1,2,5,2,2,1,1,1,1
1,13,44,179,63,1,2,1300,2,1,1,1,1,12,2,2,11,1,1,1,1,1,1
1,2,63,145,15,2,2,998,1,3,1,1,1,2,1,3,5,2,2,1,1,1,1
1,13,44,179,57,1,2,1200,2,1,1,1,1,12,2,1,11,1,1,1,1,1,1
1,1,34,57,15,2,2,850,2,5,1,1,1,1,1,3,20,1,3,1,1,2,1
1,8,38,180,89,1,2,850,2,2,1,1,1,12,2,3,30,1,2,1,1,1,1
1,3,73,181,85,1,2,700,3,2,1,1,1,36,2,2,27,1,2,1,1,1,1
1,6,51,182,54,1,2,750,2,1,1,1,1,12,2,3,6,2,2,1,1,1,1
1,8,38,183,87,1,2,1000,2,2,1,1,1,12,2,3,5,2,1,1,1,1,1
1,15,74,184,78,1,2,1000,4,2,1,1,1,12,2,3,17,1,2,3,3,1,1
1,13,37,185,8,2,2,890,2,3,1,1,1,12,1,2,11,1,1,1,1,1,1
1,2,9,162,90,1,2,888,2,3,2,1,1,12,2,2,18,1,1,1,1,1,1
1,7,75,186,15,2,7,850,1,4,0,1,1,1,1,1,15,1,3,1,1,1,1
1,12,76,187,84,1,2,1000,2,2,1,1,1,12,2,2,26,1,1,3,3,1,1
1,13,37,188,62,1,2,1400,5,1,1,1,1,12,2,1,11,1,2,1,1,1,1
1,3,41,189,131,1,2,600,4,3,2,1,1,12,2,1,6,2,2,1,1,1,1
1,13,44,190,61,1,1,1400,5,2,1,1,1,8,2,3,6,2,1,1,1,1,1
1,2,70,174,70,1,2,900,3,2,1,1,1,24,2,1,24,1,1,3,3,1,1
1,6,42,81,58,1,2,800,2,2,1,1,1,12,2,3,6,2,2,1,1,1,1
1,6,42,154,71,1,2,900,2,2,2,1,1,12,2,3,6,2,1,1,1,1,1
1,5,11,191,18,2,2,840,1,4,0,1,1,1,1,3,6,2,3,1,1,1,1
1,13,43,192,81,1,2,1100,2,2,2,1,1,12,2,3,6,2,1,1,1,1,1
1,5,48,193,23,2,2,998,1,2,1,1,1,12,1,2,24,2,1,3,3,1,3
1,8,14,194,88,1,2,1000,2,2,1,1,1,12,2,3,28,1,1,1,1,1,1
1,1,34,195,15,2,2,880,2,5,1,1,1,1,1,3,11,1,3,1,1,1,1
1,8,69,196,110,1,2,800,2,3,2,1,1,12,2,1,9,1,2,1,1,1,1
1,1,30,197,14,2,2,1000,1,4,1,1,1,1,1,2,6,2,3,1,1,1,1
1,5,7,198,17,2,2,1099,1,5,1,2,1,3,1,2,25,1,2,1,1,1,1
1,2,2,2,18,2,2,1050,1,3,1,1,1,3,1,2,24,1,2,1,1,1,2
1,13,44,190,61,1,1,1400,5,2,1,1,1,8,2,3,6,2,1,1,1,1,1
1,5,48,199,12,2,2,1100,2,3,1,1,1,1,1,1,6,2,3,1,1,1,1
1,2,70,174,70,1,2,900,3,2,1,1,1,24,2,1,24,1,1,3,3,1,1
1,5,12,200,10,2,2,1000,1,3,1,1,1,1,1,3,6,2,3,1,1,1,1
1,13,44,201,61,1,5,1200,2,1,1,1,1,12,2,3,13,1,3,1,1,1,1
1,10,57,202,12,2,2,860,2,5,1,2,20200728,5,1,3,5,2,3,1,1,1,1
1,8,38,203,64,1,2,1000,3,1,1,1,1,8,2,2,6,2,1,1,1,1,1
1,13,44,204,97,1,2,1100,2,3,1,1,1,12,2,2,20,2,1,1,1,1,1
1,13,43,178,78,1,2,1400,2,2,1,1,1,24,2,3,18,1,2,1,1,1,1
1,3,59,205,78,1,2,800,3,1,1,1,1,12,2,3,15,1,1,1,1,1,1
1,3,5,11,128,1,2,650,3,3,2,2,1,12,2,2,24,1,1,1,1,1,1
1,2,2,79,16,2,2,1000,1,3,1,1,1,1,1,3,10,3,2,3,3,3,2
1,14,38,110,66,1,2,1300,3,1,1,1,1,12,2,3,21,1,2,1,1,1,1
1,9,16,206,18,2,2,1098,1,3,1,1,1,12,1,1,30,1,2,1,1,1,1
1,13,37,167,68,1,2,1000,5,2,1,1,1,8,2,3,21,1,1,1,1,1,1
1,8,38,169,54,1,2,1000,3,1,1,1,1,12,2,1,26,1,1,1,1,1,1
1,6,51,168,66,1,2,800,5,2,1,1,1,8,2,1,5,2,1,1,1,1,1
1,6,42,207,88,1,2,700,2,2,1,1,1,12,2,3,24,1,2,1,1,1,1
1,8,38,208,81,1,2,1100,2,2,1,1,20200715,12,2,3,6,2,1,3,3,1,1
1,3,15,209,93,1,2,600,5,2,1,1,1,8,2,3,4,2,1,1,1,1,1
1,12,35,210,75,1,2,1300,2,1,2,1,1,12,2,1,31,1,1,1,1,1,1
1,5,6,211,15,2,2,1050,1,5,1,1,1,1,1,3,6,2,3,1,1,1,1
1,8,38,212,120,1,2,900,2,3,2,1,1,12,2,3,17,1,2,3,3,1,1
1,5,6,211,10,2,2,850,1,5,1,1,1,1,1,3,6,2,3,1,1,1,1
1,13,44,213,75,1,8,1000,2,2,1,1,1,12,2,2,18,1,1,1,1,1,1
1,5,6,211,10,2,2,850,1,5,1,1,1,1,1,3,6,2,3,1,1,1,1
1,13,43,82,84,1,2,1300,2,2,1,1,1,12,2,2,26,1,1,1,1,1,1
1,5,6,211,10,2,2,950,1,5,1,1,1,1,1,3,6,2,3,1,1,1,1
1,5,12,214,17,2,6,1098,1,2,1,1,1,3,1,2,6,2,1,1,1,1,3
1,2,2,215,17,2,2,850,1,3,1,1,1,1,1,2,24,2,1,1,1,1,2
1,13,44,213,75,1,8,1000,2,2,1,1,1,12,2,2,18,1,1,1,1,1,1
1,2,2,215,18,2,2,1000,1,3,1,1,1,1,1,2,24,2,2,1,1,1,2
1,8,38,203,89,1,2,1000,3,2,1,1,1,12,2,3,6,2,2,1,1,1,1
1,2,2,215,17,2,2,850,1,3,1,1,1,1,1,2,24,2,1,1,1,1,2
1,16,65,147,55,1,2,900,5,2,1,1,1,1,2,1,6,2,1,1,1,1,1
1,2,2,215,18,2,2,1000,1,3,1,1,1,1,1,2,24,2,1,1,1,1,2
1,10,57,216,99,1,5,1500,2,2,1,1,1,36,2,2,24,1,1,1,1,1,1
1,16,65,147,70,1,2,800,5,2,1,1,1,12,2,3,6,2,1,1,1,1,1
1,8,72,217,100,1,2,1100,5,2,1,1,1,12,2,3,27,1,2,1,1,1,1
1,12,77,218,54,1,2,1500,2,1,1,1,1,36,2,1,22,1,2,1,1,1,1
1,13,68,171,60,1,2,1000,2,2,1,2,1,12,2,2,7,1,1,2,2,2,1
1,1,78,219,15,2,2,800,1,3,1,1,1,1,1,3,6,2,2,1,1,1,1
1,8,69,172,106,1,2,800,5,3,1,1,1,8,2,3,28,1,1,1,1,1,1
1,10,79,220,13,2,2,750,1,3,1,1,1,1,1,2,6,1,2,1,1,1,1
1,11,39,221,67,1,2,1000,5,1,1,1,1,8,2,3,18,1,1,1,1,1,1
1,11,25,43,57,1,2,800,2,1,1,1,1,12,2,3,11,1,1,1,1,1,1
1,2,9,162,81,1,2,950,1,2,1,1,1,12,2,1,18,1,1,1,1,1,1
1,3,59,222,92,1,2,800,4,2,1,1,1,12,2,2,7,2,1,1,3,1,1
1,3,80,223,93,1,2,800,4,2,2,1,1,12,2,2,16,1,2,1,1,1,1
1,3,5,42,79,1,2,650,3,1,1,1,1,12,2,1,18,1,1,1,1,1,1
1,13,37,173,100,1,2,1300,5,2,1,1,1,8,2,2,14,1,1,1,1,1,1
1,9,19,224,20,2,2,890,3,4,1,1,1,1,1,3,7,2,1,1,1,1,3
1,15,81,225,82,1,2,800,4,2,1,1,1,8,2,3,7,2,2,1,1,1,1
1,9,55,226,18,2,4,790,3,4,1,1,1,1,1,3,6,2,1,1,1,1,3
1,15,67,160,55,1,2,800,4,1,1,1,1,12,2,1,18,2,2,3,3,3,3
1,10,52,227,17,2,2,850,1,3,1,1,1,1,1,3,5,1,2,1,1,1,1
1,6,42,164,105,1,2,800,1,2,1,1,1,12,3,3,18,1,2,1,1,1,1
1,2,11,14,15,2,2,800,1,3,1,1,1,1,1,2,6,2,2,1,1,1,1
1,1,28,46,13,2,2,700,1,4,1,2,1,1,1,2,6,2,2,1,1,1,1
1,7,75,186,15,2,2,900,1,3,1,1,1,1,1,1,24,1,2,1,1,1,1
1,6,42,228,64,1,2,1000,2,2,1,1,1,12,2,2,6,2,1,1,1,1,1
1,10,33,229,25,1,2,1100,4,1,1,1,1,12,1,3,6,2,3,1,1,1,1
1,6,42,230,65,1,2,800,5,2,1,1,1,8,2,3,6,2,1,1,1,1,1
1,9,19,224,20,2,2,890,3,4,1,1,1,1,1,3,7,2,1,1,1,1,3
1,8,69,231,151,1,2,1000,2,3,2,3,1,12,3,1,3,1,1,1,1,1,2
1,1,28,46,13,2,2,700,1,4,1,2,1,1,1,2,6,2,2,1,1,1,1
1,6,42,232,62,1,2,900,5,2,1,1,1,8,2,2,6,2,1,1,1,1,1
1,16,65,147,70,1,2,800,5,2,1,1,1,12,2,3,6,2,1,1,1,1,1
1,6,42,164,105,1,2,800,1,2,1,1,1,12,3,3,18,1,2,1,1,1,1
1,13,44,179,63,1,2,1300,2,1,1,1,1,12,2,2,11,1,1,1,1,1,1
1,8,38,180,89,1,2,850,2,2,1,1,1,12,2,3,30,1,2,1,1,1,1
1,10,52,227,17,2,2,850,1,3,1,1,1,1,1,3,5,1,2,1,1,1,1
1,3,73,181,85,1,2,700,3,2,1,1,1,36,2,2,27,1,2,1,1,1,1
1,1,78,219,15,2,2,800,1,3,1,1,1,1,1,3,6,2,2,1,1,1,1
1,2,70,174,70,1,2,900,3,2,1,1,1,24,2,1,24,1,1,3,3,1,1
1,6,42,233,61,1,2,1000,2,2,1,1,1,12,2,3,6,2,2,1,1,1,1
1,8,38,169,54,1,2,1000,4,1,1,1,1,12,2,1,26,1,1,1,1,1,1
1,13,44,213,75,1,8,1000,2,2,1,1,1,12,2,2,18,1,1,1,1,1,1
1,8,14,19,83,1,2,1100,2,2,1,1,1,12,2,3,33,1,2,1,1,1,1
1,15,82,234,54,1,2,1000,3,1,1,1,1,12,2,2,11,1,2,1,1,1,1
1,13,68,171,60,1,2,1000,2,2,1,2,1,12,2,2,7,1,1,2,2,2,1
1,1,28,129,16,2,2,800,1,3,1,1,1,1,1,2,5,2,2,1,1,1,1
1,3,59,222,92,1,2,800,4,2,1,1,1,12,2,2,7,2,1,1,3,1,1
1,7,75,186,15,2,2,900,1,3,1,1,1,1,1,1,24,1,2,1,1,1,1
1,3,80,223,93,1,2,800,4,2,2,1,1,12,2,2,16,1,2,1,1,1,1
1,2,11,14,15,2,2,800,1,3,1,1,1,1,1,2,6,2,2,1,1,1,1
1,11,39,221,67,1,2,1000,5,1,1,1,1,8,2,3,18,1,1,1,1,1,1
1,10,79,220,13,2,2,750,1,3,1,1,1,1,1,2,6,1,2,1,1,1,1
1,1,45,235,9,2,2,950,1,4,1,1,1,1,1,3,5,2,1,1,1,1,2
1,5,36,236,16,2,2,999,2,5,2,2,1,3,1,3,6,2,2,1,1,1,1
1,18,83,237,95,1,2,800,5,2,1,1,1,8,2,3,11,1,1,1,1,1,1
1,7,75,238,15,2,2,601,1,3,1,1,1,1,1,3,6,2,1,1,1,1,1
1,12,76,187,84,1,2,1000,2,2,1,1,1,12,2,2,26,1,1,3,3,1,1
1,1,30,50,17,2,2,850,1,3,1,1,1,1,1,2,5,2,2,1,1,1,1
1,6,51,182,54,1,2,750,2,1,1,1,1,12,2,3,6,2,2,1,1,1,1
1,7,29,239,15,2,2,900,1,4,1,1,1,6,1,3,7,2,2,1,1,1,1
1,13,44,190,61,1,1,1400,5,2,1,1,1,8,2,3,6,2,1,1,1,1,1
1,3,80,240,148,1,2,800,4,3,2,1,1,12,2,3,6,1,2,3,3,1,1
1,12,76,241,98,1,2,1300,2,2,1,1,1,12,3,1,24,2,1,3,3,1,1
1,8,38,203,84,1,2,1000,2,2,1,1,1,12,3,3,6,2,2,1,1,1,1
1,17,71,175,96,1,2,1100,1,2,1,1,1,12,2,2,5,2,1,3,3,3,1
1,10,22,242,16,2,5,1150,1,3,1,1,1,6,1,2,33,1,3,1,1,1,1
1,8,38,208,96,1,2,1000,5,2,1,1,1,8,2,3,6,1,1,1,1,1,1
1,12,84,243,17,2,4,650,1,4,1,1,1,1,1,3,6,2,2,1,1,1,1
1,8,38,244,57,1,2,900,2,2,1,1,1,24,2,3,6,1,2,3,3,1,1
1,6,42,245,55,1,2,1000,2,1,1,1,1,12,2,3,6,2,1,1,1,1,1
1,13,37,185,74,1,2,1200,5,2,1,1,1,12,2,1,11,1,3,3,3,1,1
1,13,37,157,105,1,2,1200,5,3,2,2,1,8,2,1,21,1,1,1,1,1,1
1,15,85,246,60,1,2,900,2,1,1,1,1,12,2,3,17,1,2,1,1,1,1
1,13,37,247,72,1,2,1200,2,2,1,1,1,1,2,2,22,1,1,1,1,1,1
1,3,41,248,70,1,2,600,5,2,1,1,1,8,2,3,6,2,1,2,2,1,1
1,1,34,57,13,2,2,750,1,3,1,1,1,1,1,2,20,1,2,1,1,1,1
1,8,38,249,72,1,2,1000,3,2,1,1,1,12,2,2,30,1,3,1,1,1,1
1,8,72,250,10,2,4,760,2,4,2,2,1,12,1,2,24,1,3,1,1,1,1
1,11,39,165,74,1,2,900,2,2,1,1,1,36,2,3,28,1,1,1,1,1,1
1,1,34,57,17,2,2,950,1,3,1,1,1,1,1,2,20,1,2,1,1,1,1
1,13,37,251,87,1,2,800,2,2,1,1,1,12,2,2,16,1,3,1,1,1,1
1,1,40,252,14,2,2,1260,2,2,1,1,1,12,1,3,6,2,1,1,1,1,1
1,1,34,120,48,1,2,1150,4,1,1,1,1,12,1,1,6,2,2,1,1,1,1
1,2,2,117,17,2,5,889,1,3,1,1,1,12,1,2,6,2,2,1,1,1,1
1,11,39,149,87,1,2,1000,1,2,1,1,1,12,2,3,18,1,1,1,1,1,1
1,2,2,117,17,2,5,889,1,3,1,1,1,12,1,2,6,2,2,1,1,1,1
1,15,64,146,89,1,2,900,3,2,1,1,1,12,2,3,7,2,2,1,1,1,1
1,2,2,2,15,2,2,1050,2,3,1,1,1,12,1,2,27,1,2,1,1,1,1
1,3,59,153,86,1,2,800,3,2,1,1,1,12,2,2,34,1,1,1,1,1,1
1,9,16,253,15,2,2,1298,1,2,1,1,1,3,1,3,28,1,2,1,1,1,1
1,16,65,147,81,1,2,800,4,2,2,1,1,12,2,2,6,2,2,1,1,1,1
1,2,63,254,87,1,2,900,1,3,1,2,1,12,2,2,13,1,1,1,1,1,1
1,13,43,192,108,1,2,1000,2,2,2,1,1,12,2,1,18,1,2,1,1,1,1
1,7,10,255,61,1,8,1200,2,2,1,1,1,12,2,2,32,1,1,1,1,1,1
1,6,42,256,55,1,2,500,2,1,1,1,1,24,2,2,11,1,2,1,1,1,1
1,9,16,257,11,2,2,848,1,4,1,1,1,3,1,1,30,1,2,1,1,1,1
1,10,57,121,55,1,2,1500,2,1,1,1,1,24,2,2,29,1,1,1,1,1,1
1,9,16,258,12,2,2,798,1,3,1,1,1,12,1,3,6,2,2,1,1,1,1
1,15,86,259,95,1,2,1000,3,2,1,1,1,12,2,2,11,1,2,1,1,1,1
1,3,5,42,90,1,2,550,3,2,1,1,1,12,2,2,18,1,2,1,1,1,1
1,8,38,83,65,1,2,1000,3,1,1,1,20200801,24,3,2,17,1,2,1,1,1,1
1,6,51,260,55,1,3,600,5,1,1,1,1,8,2,2,17,1,1,2,2,1,1
1,12,35,70,98,1,2,1500,2,2,2,1,1,24,2,3,34,1,1,1,1,1,1
1,13,37,261,70,1,2,1400,2,1,1,1,1,12,2,3,6,2,1,1,1,1,1
1,11,87,262,60,1,2,950,2,2,1,1,1,12,2,2,6,2,2,1,1,1,1
1,2,9,159,18,2,1,998,1,3,1,1,1,1,1,3,31,2,2,1,1,1,1
1,10,52,263,31,1,2,1300,2,1,1,1,1,24,2,2,6,2,1,3,3,1,1
1,5,49,98,25,2,2,1198,1,2,1,1,1,2,1,3,13,1,2,1,1,1,1
1,13,37,264,94,1,2,1000,2,2,1,1,20200801,12,2,2,26,1,1,1,1,1,1
1,5,49,98,18,2,2,1298,1,2,1,1,1,2,1,2,13,1,2,1,1,1,1
1,17,71,265,82,1,2,1200,1,2,1,1,1,12,2,2,20,2,2,3,3,1,1
1,5,49,98,18,2,2,1198,1,2,1,1,1,2,1,2,13,1,2,1,1,1,1
1,2,2,66,18,2,2,1000,1,3,1,1,1,1,1,3,18,1,2,1,1,1,2
1,9,47,266,11,2,2,1530,2,2,1,1,1,12,1,3,12,1,1,1,1,1,1
1,12,76,267,76,1,8,1100,2,2,2,1,1,24,2,1,26,1,1,1,1,1,1
1,1,34,268,10,2,2,850,1,4,1,1,1,1,1,2,26,1,3,1,1,1,1
1,13,88,269,55,1,2,1200,5,1,1,1,1,12,2,1,6,1,1,1,1,1,1
1,5,6,51,14,2,2,1099,2,3,1,1,1,3,1,3,7,2,2,1,1,1,1
1,19,89,270,51,1,2,1900,5,1,1,1,1,8,3,2,6,2,1,1,1,1,1
1,1,78,271,15,2,2,1250,1,2,1,1,1,1,1,3,2,2,3,1,1,1,1
1,12,35,97,113,1,2,1500,2,2,1,2,1,12,2,3,34,1,1,1,1,1,1
1,12,54,272,60,1,2,1300,2,2,1,1,1,12,2,3,6,2,2,1,1,1,1
1,9,90,273,37,1,2,1300,2,1,1,1,1,12,2,3,8,2,1,1,1,1,1
1,1,91,274,44,1,2,1300,2,1,1,1,1,24,2,3,6,2,1,1,1,1,1
1,9,23,36,30,1,1,1400,5,1,1,1,1,8,2,2,6,2,1,1,1,1,1
1,2,63,163,19,2,2,680,1,3,1,1,1,2,1,2,5,2,3,1,1,1,1
1,10,92,275,35,1,3,1000,2,1,1,1,1,24,2,3,6,2,2,3,3,1,1
1,1,34,195,15,2,2,800,1,4,1,1,1,1,1,3,11,1,2,1,1,1,1
1,1,17,276,38,1,2,1200,2,1,1,1,1,24,2,3,6,2,2,1,1,1,1
1,9,23,74,57,1,2,1600,2,1,1,1,1,12,2,2,28,1,3,1,1,1,1
1,10,33,277,35,1,7,1500,2,1,1,1,1,12,2,3,7,2,1,1,1,1,1
1,9,16,278,32,1,2,1500,2,1,1,1,1,12,2,1,6,2,1,1,1,1,1
1,1,40,78,40,1,2,1300,2,1,1,1,1,12,2,3,6,2,1,1,1,1,1
1,9,16,118,40,1,3,1600,2,1,1,1,1,24,2,2,6,2,2,1,1,1,1
1,4,93,279,32,1,5,1800,5,1,0,1,1,8,2,2,8,2,1,1,1,1,1
1,1,30,77,14,2,2,1260,2,3,1,1,1,12,1,1,7,2,1,1,1,1,1
1,10,52,280,51,1,2,1500,2,2,1,1,1,12,2,3,6,2,1,1,1,1,1
1,1,34,120,45,1,5,1150,4,1,1,1,1,12,1,1,6,2,1,1,1,1,1
1,4,60,281,33,1,2,1850,2,1,0,1,20200720,36,2,2,6,2,2,1,1,1,1
1,1,34,120,40,1,7,1200,4,1,1,1,1,6,1,1,6,2,2,1,1,1,1
1,5,12,282,61,2,2,1200,5,2,1,1,1,12,2,3,7,2,1,1,1,1,1
1,13,37,157,12,2,1,990,2,3,1,1,1,12,1,3,18,1,3,1,1,1,1
1,5,12,283,49,1,2,1259,4,1,1,1,1,12,1,3,6,2,1,1,1,1,1
1,19,89,284,20,2,2,1050,1,3,0,1,20200715,3,1,3,6,2,3,1,1,1,1
1,4,93,285,45,1,2,2000,2,1,1,1,1,12,2,2,9,1,1,1,1,1,1
1,2,2,286,7,2,4,930,2,4,1,2,1,12,1,3,8,1,3,1,1,1,1
1,4,93,287,26,1,1,1000,5,1,0,0,1,8,3,3,7,2,1,1,1,1,1
1,7,75,288,20,2,1,1099,2,3,1,1,1,3,1,1,7,2,2,1,1,1,1
1,12,35,210,108,1,2,1400,3,2,1,1,1,36,2,2,34,1,1,1,1,1,1
1,5,12,289,8,2,2,699,2,4,1,2,1,3,1,3,6,2,2,1,1,1,1
1,12,35,290,80,1,2,1500,5,2,1,1,1,8,2,1,26,1,1,1,1,1,1
1,13,37,157,89,1,2,1000,2,3,1,1,1,12,2,1,17,1,1,3,3,1,1
1,8,14,291,104,1,2,1000,2,3,1,1,1,12,2,3,11,1,2,1,1,1,1
1,13,44,292,54,1,2,1300,2,1,1,1,1,12,2,1,21,1,1,3,3,1,1
1,11,25,293,85,1,2,1000,3,2,1,1,1,12,2,3,5,2,1,1,1,1,1
1,5,21,294,18,2,2,799,1,4,2,2,1,3,1,1,20,1,2,1,2,1,1
1,6,42,295,44,1,2,950,2,1,1,1,1,12,2,1,5,2,2,1,1,1,1
1,7,94,296,20,1,2,1100,2,1,1,1,1,6,1,3,5,2,2,1,1,1,1
1,2,2,297,63,1,2,1000,5,1,1,1,1,8,2,2,22,1,1,1,2,1,1
1,12,35,298,70,1,2,1500,2,1,1,1,1,12,2,2,32,1,1,1,1,1,1
1,1,45,299,21,2,2,850,2,1,0,1,1,12,2,3,5,2,2,1,1,1,1
1,5,11,300,12,2,2,1250,5,2,1,1,20200801,12,3,3,6,2,2,1,1,1,1
1,9,23,36,39,1,2,1500,2,1,1,1,1,24,2,2,6,2,2,1,1,1,1
1,10,52,301,40,1,2,1500,2,1,1,1,1,12,2,3,6,2,3,1,1,1,1
1,4,4,302,32,1,2,1300,5,1,1,1,1,12,2,3,4,2,2,1,1,1,1
1,5,12,282,15,2,2,880,1,3,1,1,1,1,1,3,7,2,2,1,1,1,1
1,19,89,303,65,1,4,2200,2,1,1,1,1,12,2,3,12,1,2,1,1,1,1
1,5,6,304,12,2,2,601,1,4,1,1,1,1,1,2,30,1,2,1,1,1,1
1,2,2,25,90,1,2,1500,2,2,2,1,20200715,12,2,3,11,1,3,1,1,1,1
1,5,6,305,11,2,1,650,1,4,1,1,1,1,1,3,6,2,1,1,1,1,3
1,2,9,306,90,1,2,1300,2,2,1,1,1,24,2,2,6,2,2,3,3,1,3
1,5,20,307,11,2,5,650,1,5,1,2,1,1,2,3,6,2,2,1,1,1,1
1,4,95,308,13,2,2,998,1,2,1,1,1,12,1,3,19,1,3,1,1,1,1
1,2,2,79,14,2,1,650,1,3,1,1,1,1,1,2,5,2,2,3,3,1,2
1,8,14,309,64,1,2,1300,3,1,1,1,20200715,12,2,3,18,1,1,1,1,1,1
1,1,34,120,55,1,2,1155,4,1,1,1,1,12,1,1,6,2,2,1,1,1,1
1,12,96,310,56,1,5,1400,5,1,1,1,1,8,2,3,7,2,1,1,1,1,1
1,5,12,311,50,1,5,1200,4,1,1,1,1,12,1,3,7,2,2,1,1,1,1
1,9,46,312,34,1,4,1600,2,1,1,1,20200801,12,2,1,6,2,2,1,1,1,1
1,2,9,159,20,2,1,998,4,3,1,1,1,12,1,3,30,1,2,1,1,1,1
1,2,2,313,20,2,2,600,2,1,1,1,20200720,12,2,1,18,1,1,1,1,1,1
1,3,5,11,128,1,2,800,5,3,1,2,1,8,2,2,24,1,1,1,1,1,1
1,8,14,314,111,1,2,1100,3,3,1,1,1,12,2,3,6,2,2,1,1,1,1
1,8,38,315,128,1,2,1000,5,3,2,2,1,8,2,1,7,1,1,1,1,1,1
1,13,44,316,76,1,2,1300,5,2,1,1,1,8,2,3,6,2,1,1,1,1,1
1,2,9,159,18,2,2,998,1,3,1,1,1,1,1,3,30,1,2,1,1,1,1
1,3,5,11,104,1,7,700,3,2,2,1,1,24,2,1,26,1,2,1,1,1,1
1,2,9,159,14,2,2,998,1,3,1,1,1,3,1,2,25,1,1,3,3,3,3
1,3,5,100,115,1,2,700,3,3,2,2,1,24,2,2,5,1,2,1,1,1,1
1,8,38,317,82,1,1,1000,2,2,1,1,1,24,2,1,6,1,2,1,1,1,1
1,8,38,318,83,1,2,1100,5,2,1,1,1,8,2,3,6,2,1,1,1,1,1
1,8,38,319,77,1,5,700,5,2,1,1,1,8,2,2,8,1,1,1,1,1,1
1,3,5,320,89,1,2,600,5,3,1,1,1,8,2,3,7,1,1,1,1,1,1
1,6,42,89,73,1,2,1000,2,2,1,1,1,12,2,3,6,2,1,1,1,1,1
1,17,71,321,87,1,2,800,3,2,2,1,1,8,2,1,25,1,2,1,1,1,2
1,9,18,322,19,2,2,1598,1,4,1,1,1,3,1,3,5,2,1,1,1,1,1
1,8,38,323,58,1,2,800,3,2,1,1,1,12,2,2,6,1,2,3,3,1,1
1,2,63,163,17,2,2,980,1,3,1,1,1,1,1,2,5,2,2,1,1,1,2
1,13,44,179,61,1,2,1000,2,1,1,1,1,12,2,3,11,1,1,1,1,1,1
1,10,97,324,50,1,2,1500,4,1,1,1,1,12,1,1,25,1,3,1,1,1,1
1,8,38,203,95,1,2,1000,5,2,1,1,1,8,2,3,6,2,1,1,1,1,1
1,10,97,324,22,2,2,1099,1,3,1,1,1,1,1,1,40,1,2,1,1,1,1
1,12,35,325,20,2,2,750,1,3,1,1,1,6,1,1,34,1,2,1,1,1,1
1,10,97,326,15,2,2,1250,1,2,1,1,1,12,1,3,7,2,3,1,1,1,1
1,13,44,327,67,1,2,1200,5,1,1,1,1,8,2,3,13,2,1,3,3,1,1
1,12,77,218,17,2,3,650,1,4,1,1,1,1,1,1,34,1,3,1,1,1,1
1,8,38,317,82,1,1,1000,2,2,1,1,1,24,2,1,6,1,2,1,1,1,1
1,9,16,328,16,2,7,1060,1,3,1,1,1,12,1,1,30,1,1,1,1,1,1
1,12,54,107,65,1,1,1500,5,2,1,1,1,8,2,3,7,2,1,1,1,1,1
1,5,48,329,17,2,2,1248,1,2,1,1,1,3,1,2,8,2,2,1,1,1,1
1,17,71,175,80,1,2,1000,5,2,1,1,1,8,2,3,5,2,1,3,3,3,3
1,11,39,330,75,1,2,1000,2,2,1,1,1,8,2,1,11,1,3,3,3,1,1
1,3,5,100,115,1,2,700,3,3,2,2,1,24,2,2,5,1,2,1,1,1,1
1,13,44,316,76,1,2,1300,5,2,1,1,1,8,2,3,6,2,1,1,1,1,1
1,8,14,314,111,1,2,1100,3,3,1,1,1,12,2,3,6,2,2,1,1,1,1
1,5,11,331,18,2,2,998,1,3,1,1,1,12,1,3,6,2,3,1,1,1,1
1,8,38,315,128,1,2,1000,5,3,2,2,1,8,2,1,7,1,1,1,1,1,1
1,5,98,332,13,2,2,898,1,5,0,1,1,12,1,2,6,2,3,1,1,1,1
1,3,5,320,89,1,2,600,5,3,1,1,1,8,2,3,7,1,1,1,1,1,1
1,8,38,318,83,1,2,1100,5,2,1,1,1,8,2,3,6,2,1,1,1,1,1
1,3,5,11,104,1,7,700,3,2,2,1,1,24,2,1,26,1,2,1,1,1,1
1,8,38,319,77,1,5,700,5,2,1,1,1,8,2,2,8,1,1,1,1,1,1
1,13,44,179,61,1,2,1000,2,1,1,1,1,12,2,3,11,1,1,1,1,1,1
1,3,41,333,83,1,2,600,5,2,1,1,1,8,3,1,16,1,1,1,1,1,1
1,17,71,321,87,1,2,800,3,2,2,1,1,8,2,1,25,1,2,1,1,1,2
1,1,28,334,17,2,2,950,1,3,1,1,1,12,1,1,6,2,3,1,1,1,1
1,8,38,203,95,1,2,1000,5,2,1,1,1,8,2,3,6,2,1,1,1,1,1
1,10,97,335,16,2,2,1100,1,4,1,1,1,12,1,1,30,1,3,1,1,1,1
1,8,38,336,62,1,2,800,5,2,1,1,1,8,2,2,4,2,1,1,1,1,3
1,1,28,334,15,2,2,1000,1,3,1,1,1,12,1,1,6,2,2,1,1,1,1
1,15,64,146,108,1,2,900,4,2,1,1,1,24,2,1,7,2,2,1,1,1,1
1,9,16,337,13,2,2,999,1,3,1,1,1,12,1,3,24,1,3,1,1,1,1
1,1,34,338,16,2,5,1000,1,4,1,1,1,12,1,3,6,2,3,1,1,1,1
1,9,99,339,20,2,2,1398,1,5,1,1,1,3,1,3,10,1,2,1,1,1,1
1,12,76,267,77,1,8,1500,2,2,1,1,1,12,2,1,26,1,3,1,1,1,1
1,5,6,340,16,2,2,1000,1,3,1,1,1,12,1,3,6,2,2,1,1,1,1
1,8,38,315,128,1,2,1000,5,3,2,2,1,8,2,1,7,1,1,1,1,1,1
1,5,20,341,16,2,2,1098,1,2,1,1,1,12,1,1,7,2,2,1,1,1,1
1,3,5,11,114,1,2,500,5,3,1,1,1,8,2,3,6,2,1,1,1,1,1
1,1,40,342,14,2,4,1130,2,3,1,1,1,12,1,3,6,2,1,1,1,1,1
1,13,44,85,90,1,2,1400,2,2,1,1,1,36,2,3,14,1,1,1,1,1,1
1,3,5,100,115,1,2,700,3,3,2,2,1,24,2,2,5,1,2,1,1,1,1
1,8,14,314,111,1,2,1100,3,3,1,1,1,12,2,3,6,2,2,1,1,1,1
1,8,38,336,62,1,2,800,5,2,1,1,1,8,2,2,4,2,1,1,1,1,3
1,6,51,343,78,1,2,900,2,2,1,1,1,12,2,3,6,2,1,1,1,1,1
1,1,34,57,15,2,2,1000,1,5,1,1,1,1,1,3,17,1,3,1,1,2,1
1,15,64,146,108,1,2,900,4,2,1,1,1,24,2,1,7,2,2,1,1,1,1
1,1,30,50,15,2,2,800,1,3,1,1,1,1,1,2,5,2,2,1,1,1,1
1,17,71,175,80,1,2,1000,5,2,1,1,1,8,2,3,5,2,1,3,3,3,3
1,13,44,344,81,1,2,1300,2,2,1,1,1,24,2,1,11,1,1,1,1,1,1
1,12,76,345,122,1,2,1400,2,3,2,2,1,12,2,3,10,1,3,3,3,1,1
1,12,96,346,90,1,1,1200,5,2,2,1,1,12,2,3,6,2,2,1,1,1,1
1,3,100,347,93,1,2,800,3,2,1,1,1,24,2,3,14,2,2,1,1,1,1
1,11,39,348,85,1,2,800,5,2,1,1,1,8,2,1,27,1,1,3,3,1,1
1,3,41,349,90,1,2,600,5,3,2,1,1,8,2,3,6,2,1,1,1,1,1
1,9,16,337,18,2,2,1100,2,3,1,1,1,9,1,1,24,1,3,1,1,1,1
1,3,5,350,90,1,2,700,5,2,1,1,20200721,8,2,2,9,2,1,3,3,1,1
1,9,19,224,20,2,2,890,3,4,1,1,1,1,1,3,7,2,1,1,1,1,3
1,4,101,351,24,1,1,1500,2,1,1,0,1,24,2,3,3,2,1,1,1,1,1
1,5,13,16,20,2,2,1199,1,3,1,1,1,1,1,3,29,1,2,1,1,2,1
1,10,57,352,55,1,2,1200,5,1,1,1,1,24,2,3,6,2,1,1,1,1,1
1,7,75,353,10,2,8,620,2,4,1,1,1,6,1,3,7,2,1,1,1,1,3
1,10,52,354,14,2,2,1390,2,3,1,1,1,12,1,1,33,1,1,1,1,1,1
1,13,102,355,8,2,4,930,2,3,1,1,1,12,1,1,28,1,3,1,1,1,1
1,9,90,356,44,1,2,1600,5,1,1,1,1,8,2,2,8,2,1,1,1,1,1
1,1,45,86,12,2,2,1150,1,3,1,1,1,1,1,1,6,2,3,1,1,1,1
1,9,16,357,30,2,1,1100,2,2,1,1,1,12,2,2,8,2,1,3,3,1,1
1,8,14,19,9,2,4,890,2,3,1,1,1,12,1,2,28,1,1,1,1,1,1
1,9,16,358,40,1,2,1500,5,1,1,1,1,8,2,3,6,2,1,1,1,1,1
1,9,16,257,15,2,2,998,4,3,1,1,1,12,1,3,29,1,3,1,1,1,1
1,10,33,359,47,1,2,1500,2,1,1,1,1,12,2,3,6,2,1,1,1,1,1
1,10,103,360,38,1,4,1500,2,1,1,1,1,12,2,2,6,2,1,1,1,1,1
1,12,35,361,75,1,2,1500,3,2,2,2,1,12,2,3,6,1,1,1,1,1,1
1,4,4,4,60,1,2,2100,5,1,1,1,1,8,2,2,50,1,1,1,1,1,1
1,9,104,362,36,1,5,1400,2,1,1,1,1,12,2,3,6,2,2,1,1,1,1
1,9,16,363,18,2,2,848,1,3,1,1,1,12,1,2,18,1,2,1,1,1,1
1,12,84,364,73,1,2,1350,2,2,1,1,1,12,2,3,6,2,1,1,1,1,1
1,9,16,257,15,2,5,1298,1,4,1,1,1,1,1,3,13,1,2,1,1,1,1
1,4,4,4,59,1,4,2100,5,1,1,1,1,8,2,1,50,1,1,1,1,1,1
1,10,52,301,38,1,2,1300,2,1,1,1,1,12,2,2,6,2,1,1,1,1,1
1,9,104,365,40,1,2,1600,5,1,1,1,1,8,2,3,6,2,1,1,1,1,1
1,2,2,366,48,1,2,1000,2,1,1,1,1,12,2,1,19,1,3,2,2,2,1
1,9,47,367,21,1,2,1500,2,1,1,1,1,12,2,2,6,2,2,1,1,1,1
1,9,23,368,48,1,2,1400,5,1,1,1,1,8,3,2,6,2,1,1,1,1,1
1,7,94,369,48,1,4,1200,5,1,1,1,1,24,3,3,8,1,1,1,1,1,1
1,9,16,370,15,2,2,848,1,3,1,1,1,12,1,3,26,1,2,1,1,1,1
1,1,78,371,25,1,2,1300,2,1,1,1,1,12,2,3,7,2,1,1,1,1,1
1,10,32,372,20,2,2,800,2,4,1,1,1,12,1,3,6,1,2,1,1,1,1
1,1,40,78,42,1,1,1200,2,1,1,1,1,24,2,3,6,2,1,1,1,1,1
1,2,2,2,12,2,5,650,2,1,1,1,1,4,1,1,20,2,2,1,1,1,1
1,5,12,373,21,1,1,1200,5,1,1,1,1,24,2,2,6,2,2,1,1,1,1
1,12,84,374,68,1,2,1450,2,2,1,1,1,12,1,3,6,2,2,1,1,1,1
1,10,33,359,38,1,5,1450,4,2,1,1,1,12,1,3,5,2,3,1,1,1,1
1,10,57,375,10,2,1,610,2,4,1,1,1,6,1,3,6,2,1,1,1,1,1
1,4,60,376,37,1,2,1700,2,1,1,1,1,24,2,3,7,2,2,1,1,1,1
1,10,33,359,38,1,5,1450,4,2,1,1,1,12,1,3,5,2,3,1,1,1,1
1,9,55,111,39,1,3,1600,2,1,1,1,1,12,2,3,8,2,2,1,1,1,1
1,10,57,375,10,2,1,610,2,4,1,1,1,6,1,3,6,2,1,1,1,1,1
1,12,54,272,58,1,5,1400,2,1,1,1,1,12,2,3,6,2,2,1,1,1,1
1,10,22,35,16,2,2,680,2,4,1,1,1,6,1,3,5,2,1,1,1,1,3
1,19,89,377,74,1,2,2100,1,2,1,1,1,1,2,2,18,1,1,1,1,1,1
1,9,16,21,41,1,2,1600,2,1,1,1,1,12,2,3,5,2,2,1,1,1,1
1,9,55,378,38,1,2,1400,2,1,1,1,1,12,2,2,7,2,2,1,1,1,1
1,10,33,229,39,1,2,1300,2,1,1,1,1,24,2,3,6,2,1,1,1,1,1
1,9,23,379,30,1,8,1200,2,1,1,1,1,12,3,2,6,2,2,1,1,1,1
1,2,2,2,12,2,5,650,2,1,1,1,1,4,1,1,20,2,2,1,1,1,1
1,13,102,380,42,1,1,1100,2,1,1,1,1,12,2,3,6,2,1,1,1,1,1
1,12,84,374,68,1,2,1450,2,2,1,1,1,12,1,3,6,2,2,1,1,1,1
1,9,104,381,35,1,2,1300,2,1,1,1,1,12,2,3,6,2,1,1,1,1,1
1,4,60,382,22,1,2,1600,1,1,1,1,1,8,2,1,7,2,1,1,1,1,1
1,9,19,73,42,1,1,1500,5,1,1,1,1,8,2,3,8,2,1,1,1,1,1
1,5,7,7,24,1,2,1000,2,1,1,1,1,12,2,3,7,2,1,1,1,1,1
1,9,16,383,50,1,2,1500,2,1,1,1,1,12,2,3,5,1,2,3,3,1,3
1,9,19,73,40,1,2,1600,2,1,1,1,1,12,2,2,8,2,3,1,3,1,1
1,9,90,356,42,1,2,1500,2,1,1,1,20200715,12,2,2,7,2,2,1,1,1,1
1,10,97,324,12,2,2,799,1,4,1,1,1,1,1,1,53,1,2,1,1,1,1
1,7,105,384,28,1,2,1100,5,1,1,0,1,8,2,1,6,2,1,1,1,1,1
1,9,18,385,25,2,8,799,1,5,1,2,1,1,2,1,26,1,1,1,1,1,1
1,9,55,111,40,1,2,1600,2,1,1,1,1,12,2,3,6,2,2,1,1,1,1
1,4,4,4,60,1,4,2100,3,1,0,1,1,12,1,2,48,1,3,1,1,1,1
1,9,56,112,30,2,2,1150,2,1,1,1,1,12,2,3,5,2,1,1,1,1,1
1,9,90,386,12,2,4,1530,2,2,1,1,1,12,1,3,6,2,1,1,1,1,1
1,9,104,387,50,1,2,1500,3,1,1,1,1,12,1,3,6,2,2,1,1,1,1
1,5,7,161,15,2,2,900,2,3,1,1,1,1,1,3,7,2,2,1,1,1,1
1,10,92,388,62,1,2,1200,2,1,1,1,1,12,2,3,32,1,1,1,1,1,1
1,19,106,389,10,2,2,750,2,5,1,3,1,12,1,3,5,2,3,1,1,1,2
1,1,78,390,38,1,5,1300,5,1,1,1,1,24,3,3,6,2,2,1,1,1,1
1,8,72,250,15,2,2,1090,2,3,1,1,1,12,1,3,22,1,3,1,1,1,1
1,5,49,391,40,1,2,1150,2,1,1,1,1,12,2,3,16,1,2,1,1,1,1
1,4,107,392,17,2,2,1448,1,4,0,1,1,2,1,3,4,2,3,1,1,1,1
1,1,1,393,50,1,2,1200,2,1,1,1,1,8,2,1,3,2,1,1,1,1,1
1,7,108,394,40,1,2,1200,2,1,1,1,1,12,2,3,6,2,3,1,1,1,1
1,12,61,395,44,1,2,1100,2,1,1,1,1,12,2,3,6,2,1,3,3,1,1
1,9,90,356,42,1,2,1600,5,1,1,1,1,8,2,3,7,2,1,1,1,1,1
1,1,30,139,30,1,2,1300,5,1,1,1,1,8,2,2,6,2,1,1,1,1,1
1,5,48,96,15,2,2,1150,2,5,1,1,1,7,1,3,6,2,3,1,1,1,1
1,9,19,396,27,1,4,1500,2,1,1,1,1,12,2,3,6,2,2,1,1,1,1
1,12,76,397,26,2,2,1000,2,5,1,2,1,12,1,3,5,2,2,1,1,1,1
1,12,35,398,69,1,2,1200,2,1,1,1,1,36,2,3,34,1,3,1,1,1,1
1,5,48,399,15,2,2,900,2,2,1,1,20200801,12,2,3,7,2,1,1,1,1,1
1,9,47,400,39,1,2,1500,2,1,1,1,1,12,2,2,6,2,3,1,1,1,1
1,10,109,401,31,1,2,1350,2,1,1,1,1,12,2,3,6,2,2,1,1,1,1
1,9,56,402,34,1,2,1500,2,1,1,1,1,12,2,2,6,2,2,1,1,1,1
1,8,38,403,70,1,2,700,5,2,1,1,1,8,2,2,23,2,1,1,1,1,1
1,4,101,404,26,1,2,1099,2,1,1,1,1,36,2,3,7,2,1,1,1,1,1
1,5,36,405,17,2,2,1200,2,4,1,1,1,1,1,1,6,2,3,1,1,1,1
1,5,12,84,37,1,3,1000,2,1,0,0,1,12,2,3,6,2,2,1,1,1,1
1,9,99,406,14,2,2,1290,2,3,1,1,1,12,1,3,6,2,1,1,1,1,1
1,10,32,407,58,1,2,1500,2,2,1,1,1,24,2,1,6,2,2,3,3,1,1
1,1,17,23,23,2,2,1450,1,4,1,1,1,11,1,3,7,2,3,1,1,1,1
1,10,109,408,32,1,2,1500,2,1,1,1,1,12,2,3,7,2,1,1,1,1,1
1,5,7,409,20,2,2,1199,2,4,1,1,1,3,1,3,30,1,2,1,1,2,1
1,5,20,410,18,2,2,998,1,2,1,1,1,12,1,1,6,2,2,1,1,1,1
1,5,6,411,18,2,2,833,5,3,0,1,1,1,1,3,6,2,3,1,1,1,1
1,9,110,412,41,1,2,1400,2,1,1,1,1,12,2,3,4,2,2,3,3,1,1
1,5,12,413,16,2,2,999,1,2,1,1,1,12,1,1,6,2,2,1,1,1,1
1,9,47,414,40,2,2,1200,2,2,1,1,1,12,2,1,6,2,2,1,1,1,1
1,5,12,415,18,2,2,1099,1,3,1,1,1,12,1,3,4,2,2,1,1,1,1
1,10,52,416,30,1,2,900,2,1,1,1,1,12,2,3,6,2,1,1,1,1,1
1,1,34,417,18,2,2,1000,1,3,1,1,1,12,1,3,1,1,2,1,1,2,1
1,10,62,418,39,1,2,1400,2,1,1,1,1,12,2,3,6,2,1,1,1,1,1
1,9,47,367,21,1,2,1500,2,1,1,1,1,12,2,2,6,2,2,1,1,1,1
1,9,19,419,31,1,2,1500,2,1,1,1,1,36,2,3,7,2,1,1,1,1,1
1,9,23,368,48,1,2,1400,5,1,1,1,1,8,3,2,6,2,1,1,1,1,1
1,10,109,420,43,1,2,1500,2,1,1,1,1,12,2,3,7,2,1,1,1,1,1
1,5,6,411,18,2,2,833,5,3,0,1,1,1,1,3,6,2,3,1,1,1,1
1,9,18,421,30,1,2,1500,5,1,1,1,1,8,2,3,6,2,1,1,1,1,1
1,5,20,410,18,2,2,998,1,2,1,1,1,12,1,1,6,2,2,1,1,1,1
1,12,35,325,57,1,2,900,5,1,1,1,1,8,2,1,28,1,1,1,1,1,1
1,10,109,422,40,1,2,1400,2,1,1,1,1,12,2,2,8,2,1,1,1,1,1
1,12,61,423,60,1,2,1200,5,2,1,1,1,8,3,3,6,2,1,1,1,1,1
1,10,97,424,22,1,7,1500,5,1,0,1,1,12,2,1,26,1,1,1,1,2,1
1,10,57,352,55,1,2,1200,5,1,1,1,1,24,2,3,6,2,1,1,1,1,1
1,9,55,226,26,2,4,1000,2,1,0,1,1,24,2,3,5,2,1,1,1,1,1
1,9,90,386,39,1,2,1600,2,1,1,1,1,12,2,3,6,2,2,1,1,1,1
1,2,2,66,11,2,2,850,1,3,1,1,1,1,1,2,24,1,2,1,1,1,2
1,9,16,278,32,1,2,1300,2,1,0,1,1,12,2,3,6,2,1,1,1,1,1
1,2,2,425,17,2,2,850,1,3,1,1,1,3,1,3,6,2,2,1,1,1,2
1,1,30,426,33,1,2,1000,2,1,1,0,1,36,2,1,6,2,1,1,1,1,1
1,10,57,375,8,2,7,610,2,4,1,1,1,6,1,3,6,2,1,1,1,1,1
1,9,90,273,36,1,2,1500,2,1,1,1,1,8,2,2,8,2,2,1,1,1,1
1,2,9,159,18,2,2,998,1,2,1,1,1,2,1,1,30,1,2,1,1,1,1
1,2,2,117,16,2,5,848,1,3,1,1,1,12,1,1,6,2,2,1,1,1,1
1,2,9,427,18,2,3,998,1,4,1,1,1,1,1,3,30,1,2,1,1,1,1
1,9,23,36,59,1,1,1500,2,2,1,1,1,12,2,3,7,2,1,1,1,1,1
1,2,2,117,18,2,2,848,1,3,1,1,1,12,1,2,6,2,2,1,1,1,1
1,5,48,428,30,2,2,700,2,1,1,1,1,12,2,3,8,2,2,1,1,1,1
1,1,30,68,12,2,2,700,1,4,1,1,1,1,1,3,6,2,2,1,1,1,1
1,5,12,429,15,2,2,1200,2,2,1,0,1,12,2,2,5,2,2,1,1,1,1
1,9,90,430,11,2,1,1590,2,3,1,1,1,12,1,3,6,2,1,1,1,1,1
1,9,23,114,38,1,2,1550,2,1,1,1,1,12,2,2,6,2,1,1,1,1,1
1,10,97,431,50,1,2,1500,2,1,1,1,1,12,2,2,7,2,1,1,1,1,1
1,4,60,432,25,1,2,1500,2,1,1,1,1,24,2,1,6,2,2,3,3,1,1
1,10,103,360,28,1,2,1200,5,1,1,1,1,12,2,3,7,2,1,1,1,1,1
1,9,23,433,75,1,2,1300,2,2,1,1,1,12,3,3,6,2,1,1,1,1,1
1,5,21,40,15,2,2,998,1,3,1,1,1,2,1,1,32,1,3,1,1,1,1
1,1,40,78,26,1,2,1200,2,1,1,1,1,12,2,2,6,2,2,1,1,1,1
1,10,62,418,12,2,2,780,2,4,1,1,20200728,6,1,3,7,2,3,1,1,1,1
1,8,111,434,62,1,2,900,2,1,1,1,1,12,2,3,30,1,1,3,3,1,1
1,9,18,435,25,1,2,1300,2,1,1,0,1,12,2,2,5,2,1,1,1,1,1
1,1,91,274,28,1,4,1000,2,1,1,1,1,24,2,1,6,2,1,1,1,1,1
1,7,112,436,40,1,2,1100,2,1,1,1,1,12,2,2,7,2,1,1,1,1,1
1,9,47,95,27,1,2,1000,2,1,1,1,1,12,2,3,6,2,1,1,1,1,1
1,19,89,270,51,1,2,1600,5,1,1,1,1,12,2,3,6,2,1,1,1,1,1
1,7,94,437,28,1,2,1100,5,2,1,0,1,24,2,2,4,2,1,3,3,1,1
1,5,12,438,12,2,3,1152,1,2,1,1,1,3,1,1,26,1,1,1,1,1,3
1,9,104,387,42,1,2,1500,5,1,1,1,1,8,2,3,6,2,1,1,1,1,1
1,9,16,257,15,2,5,1298,1,3,1,1,1,3,1,2,11,1,3,1,1,1,1
1,9,23,439,53,1,1,1600,2,2,1,1,1,24,2,3,6,2,2,1,1,1,1
1,4,93,440,18,2,2,1298,1,3,1,1,1,12,1,3,26,1,2,1,1,1,1
1,9,104,365,48,1,2,1500,2,1,1,1,1,24,2,3,6,2,2,1,1,1,1
1,9,16,257,15,2,5,1098,1,3,1,1,1,3,1,3,29,1,3,1,1,1,1
1,9,16,363,14,2,2,1198,1,3,1,1,1,1,1,2,18,1,2,1,1,1,1
1,9,16,337,14,2,5,1098,1,3,1,1,1,1,1,1,24,1,2,1,1,1,1
1,12,54,441,40,1,2,800,5,1,1,1,1,8,2,3,6,2,1,1,1,1,1
1,9,16,363,18,2,5,848,1,3,1,1,1,12,1,3,18,1,2,1,1,1,1
1,9,104,365,46,1,2,1500,2,1,1,1,1,24,2,3,6,2,2,1,1,1,1
1,9,16,363,15,2,3,1098,1,3,1,1,1,1,1,1,18,1,2,1,1,1,1
1,9,47,95,27,1,2,1000,2,1,1,1,1,12,2,3,6,2,1,1,1,1,1
1,9,16,363,18,2,2,848,1,3,1,1,1,12,1,3,18,1,2,1,1,1,1
1,9,19,73,40,1,3,1300,5,1,1,0,1,8,2,3,8,2,1,1,1,1,1
1,1,113,442,36,1,2,1100,5,1,1,1,1,8,2,3,6,2,1,1,1,1,1
1,7,94,437,28,1,2,1100,5,2,1,0,1,24,2,2,4,2,1,3,3,1,1
1,9,104,387,42,1,2,1500,5,1,1,1,1,8,2,3,6,2,1,1,1,1,1
1,1,113,443,40,1,2,1200,5,1,1,1,1,12,2,3,7,2,1,1,1,1,1
1,4,93,440,18,2,2,1298,1,3,1,1,1,12,1,3,26,1,2,1,1,1,1
1,9,23,439,53,1,1,1600,2,2,1,1,1,24,2,3,6,2,2,1,1,1,1
1,5,12,438,12,2,3,1152,1,2,1,1,1,3,1,1,26,1,1,1,1,1,3
1,9,104,365,48,1,2,1500,2,1,1,1,1,24,2,3,6,2,2,1,1,1,1
1,1,1,444,60,1,2,1000,2,1,1,1,1,36,2,3,32,2,1,3,3,1,1
1,12,84,364,73,1,2,1350,2,2,1,1,1,12,2,3,6,2,1,1,1,1,1
1,4,4,4,59,1,4,2100,5,1,1,1,1,8,2,1,50,1,1,1,1,1,1
1,9,90,273,36,1,3,1500,2,1,1,1,1,36,2,3,8,2,2,1,1,1,1
1,12,54,272,40,1,2,1200,2,1,1,1,1,12,2,3,6,2,1,1,1,1,1
1,9,55,445,36,1,2,1500,2,2,0,0,1,12,2,2,5,2,1,1,1,1,1
1,9,16,257,15,2,5,1298,1,3,1,1,1,3,1,2,11,1,3,1,1,1,1
1,5,7,446,14,1,2,1000,2,1,1,1,1,12,2,2,4,1,1,3,3,3,1
1,9,16,363,14,2,2,1198,1,3,1,1,1,1,1,2,18,1,2,1,1,1,1
1,12,61,447,47,1,1,1350,2,1,1,1,1,12,2,3,7,2,2,1,1,1,1
1,5,49,448,20,2,2,1198,1,2,1,1,1,12,1,2,24,1,2,1,1,1,1
1,9,111,449,91,1,2,1500,2,2,1,1,1,12,2,1,22,1,1,1,1,1,1
1,1,30,50,15,2,2,950,1,5,1,1,1,1,1,3,5,2,3,1,1,1,1
1,1,17,450,17,2,2,1100,2,5,1,1,1,1,1,3,6,2,3,1,1,1,1
1,2,11,14,14,2,2,890,1,5,1,1,1,1,1,1,6,2,3,1,1,1,1
1,9,104,365,45,1,2,1500,2,1,1,1,1,8,2,2,6,2,2,1,1,1,1
1,7,112,451,10,2,2,1160,2,4,1,2,1,12,1,3,7,1,1,1,1,1,1
1,1,27,45,21,1,2,1200,2,1,1,1,1,12,2,3,6,2,2,1,1,1,1
1,1,34,57,11,2,2,950,2,5,1,1,1,1,1,3,17,1,3,1,1,2,1
1,9,47,452,37,1,2,1500,5,1,1,1,20200720,8,2,3,6,2,1,1,1,1,1
1,2,2,79,18,2,2,1050,1,3,1,1,1,3,1,3,10,3,2,3,3,3,2
1,19,106,453,74,1,1,2200,5,1,1,1,1,8,2,3,33,1,1,1,1,1,1
1,10,33,359,47,1,2,1500,2,1,1,1,1,12,2,3,6,2,1,1,1,1,1
1,1,1,454,43,1,4,1200,2,1,1,1,1,36,2,3,9,1,1,1,1,1,1
1,10,103,360,38,1,4,1500,2,1,1,1,1,12,2,2,6,2,1,1,1,1,1
1,12,35,361,75,1,2,1500,3,2,2,2,1,12,2,3,6,1,1,1,1,1,1
1,2,2,79,17,2,2,1050,1,3,1,1,1,3,1,2,10,2,2,3,3,1,2
1,4,4,4,60,1,2,2100,5,1,1,1,1,8,2,2,50,1,1,1,1,1,1
1,1,34,120,48,1,2,1150,4,1,1,1,1,12,1,1,7,2,1,1,1,1,1
1,10,97,455,38,1,1,1450,2,1,1,1,1,12,2,3,6,2,1,1,1,1,1
1,9,104,362,36,1,5,1400,2,1,1,1,1,12,2,3,6,2,2,1,1,1,1
1,9,90,356,44,1,2,1600,5,1,1,1,1,8,2,2,8,2,1,1,1,1,1
1,9,16,357,30,2,1,1100,2,2,1,1,1,12,2,2,8,2,1,3,3,1,1
1,9,16,358,40,1,2,1500,5,1,1,1,1,8,2,3,6,2,1,1,1,1,1
1,12,61,456,57,1,2,1200,5,2,1,1,1,8,2,3,6,2,1,1,1,1,1
1,9,90,457,44,1,4,1350,2,1,1,1,1,24,2,3,9,2,1,1,1,1,1
1,2,9,162,15,2,2,848,1,4,1,2,1,1,1,3,8,1,3,1,1,1,1
1,9,55,458,36,1,2,1500,2,1,1,1,1,12,2,2,7,2,1,1,1,1,1
1,5,20,459,18,2,2,860,4,2,0,1,1,1,1,3,4,2,3,1,1,1,1
1,1,91,274,28,1,4,1000,2,1,1,1,1,24,2,1,6,2,1,1,1,1,1
1,5,20,460,21,2,2,1099,1,3,1,1,1,12,1,2,6,2,2,1,1,2,1
1,7,112,436,40,1,2,1100,2,1,1,1,1,12,2,2,7,2,1,1,1,1,1
1,2,63,145,19,2,2,650,1,4,0,1,1,2,1,2,5,2,3,1,1,1,1
1,9,18,322,15,2,2,1098,1,2,0,1,1,1,1,3,6,2,3,1,1,1,1
1,10,97,461,15,2,2,850,1,4,1,1,1,1,1,2,7,2,2,1,1,1,1
1,10,33,277,36,1,1,1300,2,1,1,1,1,24,2,2,7,2,2,1,1,1,1
1,1,30,50,13,2,2,1000,2,3,1,1,1,1,1,2,5,2,3,1,1,1,1
1,10,109,408,32,1,2,1500,2,1,1,1,1,12,2,3,7,2,1,1,1,1,1
1,9,99,339,18,2,2,1098,1,5,1,1,1,12,1,2,6,2,2,1,1,1,1
1,9,19,462,25,1,2,1600,2,1,1,1,1,12,2,3,5,2,1,1,1,1,1
1,1,34,338,15,2,2,1098,1,4,0,1,1,1,1,1,11,1,3,1,1,1,1
1,8,111,434,51,1,2,1000,2,1,1,1,1,12,3,1,28,1,1,3,3,1,1
1,4,60,463,35,1,2,1500,2,1,1,1,1,24,2,3,6,2,2,1,1,1,1
1,5,48,399,15,2,2,900,2,2,1,1,20200801,12,2,3,7,2,1,1,1,1,1
1,12,54,272,58,1,5,1400,2,1,1,1,1,12,2,3,6,2,2,1,1,1,1
1,19,89,377,74,1,2,2100,1,2,1,1,1,1,2,2,18,1,1,1,1,1,1
1,5,12,464,15,2,5,1150,1,2,0,1,1,1,1,3,6,2,3,1,1,1,1
1,9,16,21,41,1,2,1600,2,1,1,1,1,12,2,3,5,2,2,1,1,1,1
1,2,2,2,18,2,2,1050,2,2,1,1,1,4,1,3,10,2,2,1,1,1,1
1,13,102,380,42,1,1,1100,2,1,1,1,1,12,2,3,6,2,1,1,1,1,1
1,9,104,381,35,1,2,1300,2,1,1,1,1,12,2,3,6,2,1,1,1,1,1
1,9,19,73,42,1,1,1500,5,1,1,1,1,8,2,3,8,2,1,1,1,1,1
1,5,7,7,24,1,2,1000,2,1,1,1,1,12,2,3,7,2,1,1,1,1,1
1,1,113,443,40,1,2,1200,5,1,1,1,1,12,2,3,7,2,1,1,1,1,1
1,9,23,439,53,1,1,1600,2,2,1,1,1,24,2,3,6,2,2,1,1,1,1
1,9,104,365,48,1,2,1500,2,1,1,1,1,24,2,3,6,2,2,1,1,1,1
1,5,21,119,12,2,2,699,1,4,1,1,1,1,1,3,27,1,2,1,1,1,1
1,1,1,444,60,1,2,1000,2,1,1,1,1,36,2,3,32,2,1,3,3,1,1
1,2,2,66,18,2,2,950,1,3,1,1,1,3,1,1,24,1,2,1,1,1,2
1,9,111,449,91,1,2,1500,2,2,1,1,1,12,2,1,22,1,1,1,1,1,1
1,1,34,57,12,2,2,950,2,4,1,1,1,2,1,3,20,1,2,1,1,1,1
1,4,60,133,31,1,3,1500,2,1,1,1,1,12,2,2,5,2,2,1,1,1,1
1,5,21,294,15,2,2,1199,2,4,1,1,1,3,1,3,20,1,2,1,2,1,1
1,2,9,159,13,2,1,988,1,3,1,1,1,3,1,3,30,1,1,3,3,3,3
1,2,9,159,11,2,2,898,1,3,1,1,1,3,1,3,30,1,1,3,3,3,3
1,13,114,465,40,1,2,1000,2,1,1,1,1,12,2,2,6,2,1,1,1,1,1
1,2,9,159,14,2,2,998,1,4,1,1,1,3,1,2,31,1,2,1,1,2,1
1,9,19,73,34,1,3,1550,2,1,1,1,1,12,2,3,8,2,1,1,1,1,1
1,2,63,145,16,2,2,998,1,5,1,2,1,3,1,3,5,2,2,1,1,2,1
1,1,113,443,40,1,2,1200,5,1,1,1,1,12,2,3,7,2,1,1,1,1,1
1,2,63,145,18,2,2,898,1,3,1,1,1,1,1,3,5,2,2,1,1,1,1
1,9,111,449,91,1,2,1500,2,2,1,1,1,12,2,1,22,1,1,1,1,1,1
1,4,60,133,31,1,3,1500,2,1,1,1,1,12,2,2,5,2,2,1,1,1,1
1,19,115,466,56,1,2,1400,2,1,1,1,1,12,2,3,6,2,1,1,1,1,1
1,9,23,114,37,1,1,1500,2,1,1,1,1,12,2,3,6,2,2,1,1,1,1
1,7,26,467,63,1,2,1200,2,2,1,1,1,24,2,2,32,1,1,1,1,1,1
1,2,9,159,15,2,3,998,1,3,1,1,1,1,1,3,31,2,2,1,1,1,1
1,4,93,468,41,1,1,2000,2,1,1,1,1,24,2,2,6,2,2,1,1,1,1
1,2,9,427,18,2,1,998,1,3,1,1,1,1,1,2,31,1,2,1,1,1,1
1,9,55,111,38,1,1,1500,2,1,1,1,1,12,2,3,7,2,1,1,1,1,1
1,12,96,469,88,1,2,1500,2,2,1,1,1,12,2,1,30,1,1,1,1,3,3
1,9,16,470,30,1,2,1300,2,1,1,1,1,12,2,2,6,2,2,1,1,1,1
1,10,116,471,60,1,2,1500,2,2,1,1,1,12,2,3,6,2,2,1,1,1,1
1,9,110,472,25,1,2,1100,5,1,1,1,1,8,2,3,5,2,1,1,1,1,1
1,5,7,473,38,1,2,1100,2,2,0,1,1,12,2,3,4,2,2,3,3,1,1
1,12,117,474,62,1,2,1400,2,1,1,1,1,12,2,3,18,1,3,1,1,1,1
1,19,106,389,15,2,5,950,3,5,1,3,1,12,1,3,5,2,3,1,1,1,2
1,4,107,475,32,1,2,1800,2,1,1,1,1,24,2,3,7,2,1,1,1,1,1
1,12,84,243,17,2,2,650,1,4,1,1,1,1,1,3,6,2,2,1,1,1,1
1,4,60,476,23,1,1,2000,5,1,1,1,1,8,2,3,6,2,1,1,1,1,1
1,12,53,477,23,2,2,850,2,4,1,1,1,3,1,2,33,1,2,1,1,1,1
1,12,54,441,40,1,2,800,5,1,1,1,1,8,2,3,6,2,1,1,1,1,1
1,10,97,324,10,2,5,601,2,4,1,1,1,3,1,1,40,1,1,1,1,1,1
1,2,9,478,10,2,2,930,2,3,1,1,1,12,1,1,11,1,3,1,1,1,1
1,1,17,479,15,2,2,1200,1,4,1,1,1,1,1,3,6,2,3,1,1,1,1
1,9,47,480,55,1,1,1600,5,2,1,1,1,8,2,3,6,2,1,1,1,1,1
1,10,109,481,11,2,2,1460,2,3,1,1,1,12,1,2,32,1,1,1,1,1,1
1,4,60,463,35,1,2,1500,2,1,1,1,1,24,2,3,6,2,2,1,1,1,1
1,5,36,64,15,2,2,1130,1,3,1,1,1,1,1,3,6,2,3,1,1,1,1
1,9,19,419,35,1,2,1600,2,1,1,1,1,12,2,2,8,2,2,1,1,1,1
1,1,17,479,16,2,8,750,2,5,1,1,1,3,1,3,6,2,1,1,1,1,3
1,5,48,399,15,2,2,900,2,2,1,1,20200801,12,2,3,7,2,1,1,1,1,1
1,12,54,272,58,1,5,1400,2,1,1,1,1,12,2,3,6,2,2,1,1,1,1
1,19,89,377,74,1,2,2100,1,2,1,1,1,1,2,2,18,1,1,1,1,1,1
1,9,16,21,41,1,2,1600,2,1,1,1,1,12,2,3,5,2,2,1,1,1,1
1,10,109,401,31,1,2,1350,2,1,1,1,1,12,2,3,6,2,2,1,1,1,1
1,7,105,482,10,2,2,799,2,3,1,1,1,3,1,3,9,2,1,1,1,1,1
1,9,55,378,38,1,2,1400,2,1,1,1,1,12,2,2,7,2,2,1,1,1,1
1,1,34,268,15,2,2,1050,1,4,1,1,1,1,1,2,26,1,3,1,1,1,1
1,10,33,229,39,1,2,1300,2,1,1,1,1,24,2,3,6,2,1,1,1,1,1
1,9,23,379,30,1,8,1200,2,1,1,1,1,12,3,2,6,2,2,1,1,1,1
1,13,102,380,42,1,1,1100,2,1,1,1,1,12,2,3,6,2,1,1,1,1,1
1,9,104,381,35,1,2,1300,2,1,1,1,1,12,2,3,6,2,1,1,1,1,1
1,5,7,7,24,1,2,1000,2,1,1,1,1,12,2,3,7,2,1,1,1,1,1
1,9,16,383,50,1,2,1500,2,1,1,1,1,12,2,3,5,1,2,3,3,1,3
1,9,19,73,40,1,2,1600,2,1,1,1,1,12,2,2,8,2,3,1,3,1,1
1,4,60,483,16,2,2,1598,1,5,1,1,1,3,1,1,32,1,2,1,1,1,1
1,9,90,356,42,1,2,1600,5,1,1,1,1,8,2,3,7,2,1,1,1,1,1
1,1,17,479,15,2,2,1200,1,4,1,1,1,1,1,3,6,2,3,1,1,1,1
1,1,30,139,30,1,2,1300,5,1,1,1,1,8,2,2,6,2,1,1,1,1,1
1,1,78,271,15,2,2,1250,1,3,1,1,1,1,1,3,6,1,3,1,1,1,1
1,4,60,133,31,1,3,1500,2,1,1,1,1,12,2,2,5,2,2,1,1,1,1
1,5,11,484,12,2,2,1290,2,3,1,1,1,12,1,2,6,2,1,1,1,1,1
1,1,30,68,16,2,2,1000,2,5,1,1,1,1,1,3,6,2,3,1,1,1,1
1,11,118,485,10,2,2,960,2,4,1,1,1,12,1,3,28,1,3,1,1,1,1
1,9,16,357,30,2,1,1100,2,2,1,1,1,12,2,2,8,2,1,3,3,1,1
1,1,30,68,16,2,2,1000,2,5,1,1,1,1,1,3,6,2,3,1,1,1,1
1,10,52,416,30,1,2,1150,5,1,1,1,1,8,3,3,6,2,1,1,1,1,1
1,7,29,486,15,2,5,900,2,3,1,1,1,12,1,3,6,2,2,1,1,1,1
1,10,57,352,67,1,2,1500,2,1,1,1,1,12,2,2,30,1,1,1,1,1,1
1,5,7,161,12,2,2,900,1,4,1,1,1,1,1,3,7,2,3,1,1,1,1
1,9,23,487,54,1,2,1500,5,1,1,1,1,12,2,3,6,2,2,1,1,1,1
1,9,90,488,19,1,4,1200,2,1,1,1,1,24,2,3,4,2,2,1,1,1,1
1,10,22,489,49,1,2,1500,2,1,1,1,1,24,2,2,7,2,1,1,1,1,1
1,9,19,419,32,1,4,1400,2,1,1,1,1,12,2,3,8,2,2,1,1,1,1
1,5,13,490,37,1,2,1000,2,1,1,1,1,24,2,3,6,2,2,1,1,1,1
1,5,12,200,13,2,2,1000,2,4,1,1,1,1,1,3,6,2,1,1,1,1,1
1,9,99,491,30,1,2,1200,5,1,1,1,1,12,2,3,6,2,2,1,1,1,1
1,5,7,161,12,2,2,950,1,4,1,1,1,1,1,2,7,2,3,1,1,1,1
1,9,104,365,45,1,2,1500,2,1,1,1,1,8,2,2,6,2,2,1,1,1,1
1,1,1,444,75,1,2,1300,5,2,1,1,1,12,2,3,25,2,1,3,3,1,1
1,7,29,492,33,1,2,1200,5,1,1,1,1,8,2,3,6,2,1,1,1,1,1
1,1,27,45,21,1,2,1200,2,1,1,1,1,12,2,3,6,2,2,1,1,1,1
1,9,47,452,37,1,2,1500,5,1,1,1,20200720,8,2,3,6,2,1,1,1,1,1
1,4,4,493,38,1,6,2000,5,1,1,1,1,8,2,3,6,2,1,1,1,1,1
1,12,61,494,58,1,1,1500,5,2,1,1,1,8,2,3,6,2,1,1,1,1,1
1,1,17,137,8,2,1,620,2,4,1,1,1,6,1,3,6,2,1,1,1,1,3
1,10,22,35,40,1,2,1300,2,1,1,1,1,12,2,2,6,2,2,1,1,1,1
1,1,79,495,13,2,2,1290,2,2,1,1,1,12,1,3,6,2,1,1,1,1,1
1,9,16,496,45,1,2,1500,2,2,1,1,1,12,2,3,5,2,2,1,1,1,1
1,5,7,497,15,2,2,1199,2,4,1,1,1,3,1,3,6,2,2,1,1,1,1
1,10,52,416,30,1,2,900,2,1,1,1,1,12,2,3,6,2,1,1,1,1,1
1,5,11,331,18,2,2,1248,1,2,1,1,1,3,1,2,9,1,2,1,1,1,1
1,5,11,498,10,2,4,1290,2,4,1,2,1,12,1,3,6,2,1,1,1,1,1
1,2,2,499,15,2,2,950,1,3,1,1,1,1,1,2,14,1,2,1,1,1,2
1,8,38,403,70,1,2,700,5,2,1,1,1,8,2,2,23,2,1,1,1,1,1
1,2,2,499,15,2,2,950,1,3,1,1,1,1,1,2,14,1,2,1,1,1,2
1,7,108,394,40,1,2,1200,2,1,1,1,1,12,2,3,6,2,3,1,1,1,1
1,1,34,268,8,2,2,750,2,4,1,1,1,3,1,3,26,1,1,1,1,1,1
1,1,40,109,40,1,2,1200,2,1,1,1,1,12,2,3,6,2,1,1,1,1,1
1,1,40,72,12,2,1,1030,2,3,1,1,1,12,1,2,8,1,1,1,1,1,1
1,9,19,500,34,1,1,1450,2,1,1,1,1,12,2,3,6,2,1,1,1,1,1
1,10,103,501,29,1,1,1200,2,1,1,1,1,12,2,2,8,2,1,1,1,1,1
1,9,90,457,41,1,3,1600,2,1,1,1,1,12,2,3,7,2,1,1,1,1,1
1,9,23,502,41,1,7,1400,2,1,1,1,1,12,2,1,6,2,2,1,1,1,1
1,12,35,398,69,1,2,1200,2,1,1,1,1,36,2,3,34,1,3,1,1,1,1
1,9,119,503,10,2,1,1490,2,2,1,1,1,12,1,3,6,2,1,1,1,1,1
1,9,90,356,42,1,2,1500,2,1,1,1,20200715,12,2,2,7,2,2,1,1,1,1
1,10,97,504,18,2,2,1250,1,5,1,3,1,12,1,1,27,1,3,1,1,1,1
1,7,105,384,28,1,2,1100,5,1,1,0,1,8,2,1,6,2,1,1,1,1,1
1,9,55,111,40,1,2,1600,2,1,1,1,1,12,2,3,6,2,2,1,1,1,1
1,9,56,112,30,2,2,1150,2,1,1,1,1,12,2,3,5,2,1,1,1,1,1
1,10,92,388,62,1,2,1200,2,1,1,1,1,12,2,3,32,1,1,1,1,1,1
1,9,18,505,25,1,2,1600,2,1,1,1,1,12,2,2,5,2,1,1,1,1,1
1,12,84,506,48,1,4,1500,2,1,1,1,1,12,2,2,6,2,1,1,1,1,1
1,9,104,365,45,1,2,1500,2,1,1,1,1,8,2,2,6,2,2,1,1,1,1
1,13,102,355,8,2,4,1060,2,3,1,1,1,12,1,1,28,1,3,1,1,1,1
1,1,1,444,75,1,2,1300,5,2,1,1,1,12,2,3,25,2,1,3,3,1,1
1,7,75,507,15,2,2,900,1,3,1,1,1,1,1,3,6,2,2,1,1,1,1
1,7,29,492,33,1,2,1200,5,1,1,1,1,8,2,3,6,2,1,1,1,1,1
1,10,62,508,25,2,2,850,2,4,1,1,1,12,1,3,6,1,3,1,1,1,1
1,19,115,466,56,1,2,1400,2,1,1,1,1,12,2,3,6,2,1,1,1,1,1
1,2,49,509,15,2,2,900,1,4,1,2,1,1,1,1,9,1,2,1,1,1,1
1,7,112,510,18,2,2,899,1,3,1,1,1,1,1,3,6,2,2,1,1,1,1
1,10,32,407,36,1,2,1050,4,1,1,1,1,12,1,3,6,2,3,1,1,1,1
1,4,95,511,39,1,1,1900,2,1,1,1,1,24,2,3,7,2,1,1,1,1,1
1,4,101,512,17,2,3,1690,2,4,1,2,1,12,1,3,33,1,3,1,1,1,1
1,9,104,362,56,1,2,1600,2,2,1,1,1,12,2,3,6,2,2,1,1,1,1
1,10,32,407,36,1,2,1050,4,1,1,1,1,12,1,3,6,2,3,1,1,1,1
1,9,18,513,45,1,2,1500,2,1,1,1,1,12,2,1,17,1,1,1,1,1,1
1,13,44,514,13,2,2,1230,2,3,1,1,1,12,1,3,24,1,3,1,1,1,1
1,12,96,515,60,1,2,1500,1,2,1,1,1,12,2,3,6,2,2,1,1,1,1
1,10,92,388,62,1,2,1500,2,1,1,1,1,12,2,2,32,1,1,1,1,1,1
1,9,90,356,33,1,1,1450,2,1,1,1,1,12,2,3,8,2,2,1,1,1,1
1,1,78,516,33,1,2,1250,2,1,1,1,1,24,2,3,7,2,1,1,1,1,1
1,9,47,367,21,1,2,1500,2,1,1,1,1,12,2,2,6,2,2,1,1,1,1
1,5,21,119,18,2,2,699,1,4,2,2,1,1,1,2,23,1,2,1,1,1,1
1,5,13,517,22,1,2,1200,5,1,1,1,1,8,2,3,6,2,1,1,1,1,1
1,1,30,50,14,2,5,950,2,3,1,1,1,1,1,2,6,2,2,1,1,1,1
1,9,23,368,48,1,2,1400,5,1,1,1,1,8,3,2,6,2,1,1,1,1,1
1,9,18,421,30,1,2,1500,5,1,1,1,1,8,2,3,6,2,1,1,1,1,1
1,1,40,78,42,1,1,1200,2,1,1,1,1,24,2,3,6,2,1,1,1,1,1
1,5,12,373,21,1,1,1200,5,1,1,1,1,24,2,2,6,2,2,1,1,1,1
1,19,115,518,93,1,2,2500,5,2,2,1,1,8,2,2,31,1,1,1,1,1,1
1,13,44,519,84,1,2,1300,2,2,1,1,1,36,2,1,18,1,1,1,1,1,1
1,5,12,520,24,1,2,1200,5,1,1,1,1,8,2,3,6,2,2,1,1,1,1
1,5,48,521,18,2,2,1198,1,2,1,1,1,12,1,3,6,2,2,1,1,1,1
1,4,4,4,67,1,2,2000,5,1,1,1,1,8,2,2,33,1,1,1,1,2,1
1,5,20,93,8,2,1,650,1,5,1,2,1,1,1,1,24,1,2,1,1,1,1
1,7,29,522,27,1,2,1000,5,1,1,1,1,8,2,3,6,1,1,1,1,1,1
1,2,2,31,15,2,2,950,1,4,1,1,1,6,2,2,7,2,1,1,1,1,1
1,9,19,523,24,1,2,1500,5,1,1,1,1,8,2,2,8,2,1,1,1,1,1
1,2,2,31,15,2,7,950,1,4,1,1,1,6,2,2,7,2,1,1,1,1,1
1,2,2,66,15,2,2,900,1,3,1,1,1,1,1,2,24,1,2,1,1,1,2
1,8,14,524,17,2,2,930,2,4,1,2,1,12,1,1,8,1,1,1,1,1,1
1,9,23,525,55,1,7,1500,5,1,1,1,1,8,2,2,26,1,1,1,1,1,1
1,2,9,159,14,2,2,1000,1,3,1,1,1,1,1,1,29,1,2,3,3,3,2
1,10,92,526,41,1,2,1300,2,1,1,1,1,12,2,3,6,2,2,1,1,1,1
1,2,9,159,11,2,2,950,1,3,1,1,1,1,1,1,29,1,2,3,3,3,2
1,5,98,527,59,2,2,1200,2,1,1,1,1,12,2,3,17,1,2,1,1,1,1
1,19,106,389,30,2,2,1666,2,3,1,1,1,12,1,1,5,2,3,1,1,1,1
1,10,32,528,46,1,2,1300,2,2,1,1,1,24,2,2,6,2,2,1,1,1,1
1,7,29,529,39,1,2,1200,2,1,1,1,1,12,2,3,6,2,1,1,1,1,1
1,4,101,530,32,1,1,1850,2,1,1,1,1,12,2,3,7,2,2,1,1,1,1
1,11,39,531,83,1,2,1000,2,2,2,1,1,36,2,3,28,1,1,1,1,1,1
1,5,13,532,30,2,2,1000,2,1,0,0,1,12,2,3,6,2,1,1,1,1,1
1,12,53,533,30,2,2,1100,2,5,2,3,1,3,1,3,32,2,2,1,1,1,1
1,1,30,139,63,1,2,1300,2,1,1,1,1,36,2,2,5,2,1,1,1,1,1
1,19,89,534,35,2,2,1388,2,4,1,1,1,12,1,3,6,2,3,1,1,1,1
1,4,4,4,60,1,2,2100,2,1,1,1,20200716,36,2,2,50,1,1,1,1,1,1
1,10,52,535,68,1,2,1400,2,2,1,1,1,12,2,3,5,2,1,1,1,1,1
1,13,102,380,61,1,2,1350,2,2,1,1,1,12,2,3,6,2,2,1,1,1,1
1,4,60,536,28,1,2,2000,5,1,1,1,1,8,2,3,6,2,1,1,1,1,1
1,10,52,104,40,1,2,1500,5,1,1,1,1,12,2,2,6,2,1,1,1,1,1
1,4,95,537,43,1,5,1900,5,1,1,1,1,12,2,3,6,2,1,1,1,1,1
1,10,33,538,51,1,2,1400,5,2,1,1,1,8,2,3,3,2,1,3,3,1,1
1,13,37,185,13,2,2,1360,2,4,1,2,1,12,1,2,11,1,1,1,1,1,1
1,2,9,539,90,2,2,750,2,2,2,1,1,12,2,2,6,2,2,3,3,1,3
1,5,21,60,16,2,2,1099,2,4,2,2,1,3,1,3,27,1,2,1,1,1,1
1,4,95,540,31,1,2,2000,5,2,1,1,1,8,2,2,4,2,1,1,1,1,2
1,2,63,541,12,2,2,960,2,3,1,1,1,12,1,2,8,1,3,1,1,1,1
1,10,52,104,33,1,2,1350,2,1,1,1,1,12,2,2,6,2,1,1,1,1,1
1,1,34,542,9,2,2,750,2,5,1,1,1,1,1,1,20,1,2,1,1,1,1
1,2,2,543,18,2,7,898,1,3,1,1,1,12,1,2,6,1,2,1,1,1,1
1,2,2,66,17,2,2,950,1,3,1,1,1,3,1,2,24,1,2,1,1,1,2
1,11,120,544,85,1,2,1000,2,2,1,1,1,24,2,1,17,1,1,1,1,1,1
1,2,2,94,18,2,2,850,1,3,1,1,1,1,1,3,6,2,2,1,1,1,2
1,1,1,454,25,1,2,1300,2,1,1,1,1,1,2,2,6,2,2,1,1,1,1
1,9,18,322,13,2,2,1050,1,2,0,1,1,12,1,3,6,2,3,1,1,1,1
1,13,102,380,61,1,2,1350,2,2,1,1,1,12,2,3,6,2,2,1,1,1,1
1,5,20,341,12,2,4,1000,4,3,1,1,1,1,1,3,6,2,2,1,1,1,1
1,19,115,466,56,1,7,1750,2,1,1,1,1,24,2,2,6,2,1,1,1,1,1
1,9,23,74,55,1,1,1600,2,1,1,1,1,12,2,1,32,1,1,1,1,1,1
1,10,79,545,32,1,6,1200,2,1,1,1,1,12,2,2,5,2,3,1,1,1,1
1,10,52,104,40,1,2,1500,5,1,1,1,1,12,2,2,6,2,1,1,1,1,1
1,4,4,4,56,1,2,2000,2,1,1,1,1,36,2,1,50,1,1,1,1,1,1
1,5,20,459,15,2,4,1200,2,3,1,1,1,1,1,3,5,2,2,1,1,1,1
1,4,95,537,43,1,5,1900,5,1,1,1,1,12,2,3,6,2,1,1,1,1,1
1,11,25,43,14,2,2,860,2,4,1,1,1,12,1,3,6,2,3,1,1,1,1
1,9,19,73,39,1,4,1600,5,1,1,1,1,8,2,3,6,2,1,1,1,1,1
1,10,62,546,45,1,2,1300,2,1,1,1,1,36,2,2,6,2,1,1,1,1,1
1,11,118,547,41,1,1,1000,2,1,1,1,1,24,2,3,7,2,1,1,1,1,1
1,7,29,492,35,1,2,1050,2,1,1,1,1,12,2,3,6,2,1,1,1,1,1
1,10,52,548,37,1,2,1350,2,1,1,1,1,36,2,2,6,2,1,1,1,1,1
1,9,90,356,41,1,3,1600,2,1,1,1,1,12,2,3,7,2,1,1,1,1,1
1,9,23,114,42,1,2,1500,5,1,1,1,1,8,2,2,6,2,1,1,1,1,1
1,2,9,427,13,2,2,898,1,4,1,1,1,12,1,1,28,1,1,3,3,1,3
1,5,98,549,71,2,2,1200,2,1,1,1,1,12,2,3,6,2,2,1,1,1,1
1,2,2,543,18,2,7,898,1,3,1,1,1,12,1,2,6,1,2,1,1,1,1
1,10,109,550,67,2,3,1100,3,2,1,1,1,12,2,2,6,2,1,3,3,1,1
1,5,20,551,18,2,2,1199,1,3,1,1,1,12,1,2,6,2,2,1,1,1,1
1,5,36,552,31,1,2,1260,2,1,1,1,1,36,2,3,6,2,2,1,1,1,1
1,2,9,159,18,2,2,950,1,3,1,1,1,1,1,1,26,1,2,3,3,3,2
1,2,2,66,17,2,2,950,1,3,1,1,1,3,1,2,24,1,2,1,1,1,2
1,5,20,93,16,2,2,1198,1,3,0,1,1,2,1,2,24,1,3,1,1,1,1
1,9,46,553,30,1,4,1500,2,1,1,1,1,12,2,2,8,2,1,1,1,1,1
1,5,20,459,15,2,4,1200,2,3,1,1,1,1,1,3,5,2,2,1,1,1,1
1,9,46,553,25,1,1,1300,2,1,1,1,1,12,2,3,8,2,2,1,1,1,1
1,1,28,554,7,2,4,960,2,4,1,2,1,12,1,3,33,1,1,1,1,1,1
1,4,4,555,35,1,7,1800,5,1,1,1,1,8,2,2,4,2,1,1,1,1,1
1,2,2,25,18,2,2,950,1,3,1,1,1,3,1,1,10,1,2,1,1,1,2
1,10,116,556,39,1,3,1400,2,1,1,1,1,12,2,3,6,2,2,1,1,1,1
1,5,36,552,31,1,2,1260,2,1,1,1,1,36,2,3,6,2,2,1,1,1,1
1,12,35,99,88,1,2,1400,2,2,1,1,1,12,2,1,29,1,1,1,1,1,1
1,4,95,557,25,1,2,1600,2,1,1,1,1,12,2,3,5,2,2,3,3,1,1
1,10,116,558,60,1,2,1500,2,2,1,1,1,24,2,3,6,2,2,1,1,1,1
1,2,63,559,14,2,2,900,1,3,1,1,1,1,1,1,16,2,2,3,3,3,2
1,12,35,99,88,1,2,1500,2,2,2,1,1,12,2,2,25,1,1,1,1,1,1
1,4,107,560,16,2,2,1400,1,5,1,2,1,12,1,1,20,1,3,1,1,1,1
1,10,116,561,40,1,1,1100,2,1,1,1,1,12,2,3,6,2,1,1,1,1,1
1,12,54,562,45,1,2,1400,2,1,1,1,1,12,2,3,6,2,1,1,1,1,1
1,9,16,21,36,1,2,1400,2,2,1,1,1,8,2,3,6,2,1,1,1,1,1
1,12,84,563,60,1,2,1500,2,2,1,1,1,24,2,3,6,2,2,1,1,1,1
1,12,96,564,43,1,2,1200,5,2,1,1,1,8,2,3,6,2,1,1,1,1,1
1,9,46,553,35,1,2,1600,2,1,1,1,1,12,2,2,8,2,1,1,1,1,1
1,1,30,565,68,1,5,1200,2,2,1,1,1,36,2,3,6,2,1,1,1,1,1
1,10,97,324,22,2,2,1399,1,4,1,2,1,1,1,2,60,1,2,1,1,1,1
1,1,17,566,60,1,2,1100,5,1,0,1,1,8,2,2,6,2,1,1,1,1,1
1,12,77,567,20,2,2,850,1,3,1,1,1,1,1,1,28,1,3,1,1,1,1
1,10,116,558,39,1,2,1300,2,1,1,1,1,24,2,2,6,2,2,1,1,1,1
1,13,37,247,10,2,2,1260,2,2,1,1,1,12,1,3,17,1,3,1,1,1,1
1,5,36,568,43,1,2,1200,2,1,1,1,1,12,2,1,21,1,1,1,1,1,1
1,13,37,264,20,2,5,990,2,3,1,1,1,12,1,2,23,1,3,1,1,1,1
1,5,36,405,20,2,2,1100,1,4,1,1,1,3,1,1,6,2,3,1,1,1,1
1,5,21,119,13,2,2,1150,1,2,1,1,1,12,1,3,30,1,2,1,1,1,1
1,2,121,569,25,1,4,800,2,1,0,1,1,12,2,3,6,2,3,1,1,1,1
1,11,118,570,13,2,2,1060,2,3,1,1,1,12,1,3,8,1,3,1,1,1,1
1,3,3,571,35,1,3,800,3,1,1,1,1,12,2,3,7,1,1,2,2,1,1
1,5,49,448,38,1,2,1550,4,1,1,1,1,12,1,3,24,1,1,1,1,1,1
1,2,9,162,90,2,2,850,2,3,2,1,1,12,2,1,18,1,1,1,1,1,1
1,2,2,572,81,1,5,1650,4,2,1,1,1,3,1,3,6,2,3,1,1,1,1
1,11,122,573,50,1,2,1050,5,1,1,1,1,12,2,3,6,2,1,1,1,1,1
1,13,43,574,77,2,2,800,2,2,1,1,1,12,2,3,18,1,1,1,1,1,1
1,9,18,575,22,1,2,1300,2,1,1,1,1,12,2,2,7,1,1,1,1,2,1
1,12,66,576,53,1,6,1400,2,1,1,1,1,36,3,3,30,1,1,1,1,1,1
1,15,67,577,46,1,2,800,3,1,1,1,1,1,2,2,18,1,2,1,1,1,1
1,12,53,533,20,2,2,900,1,3,1,1,1,1,1,1,26,1,2,1,1,1,1
1,12,53,578,30,1,2,1300,2,1,1,1,1,12,2,2,32,1,1,2,2,2,1
1,2,2,425,9,2,4,1060,2,3,1,1,1,12,1,3,6,2,1,1,1,1,1
1,6,42,245,43,1,2,1000,5,1,1,1,1,12,2,3,6,2,1,1,1,1,1
1,6,51,579,50,1,2,700,2,1,1,1,1,12,2,2,6,2,2,1,1,1,1
1,1,40,580,38,1,4,1200,2,1,1,1,1,36,2,2,6,2,2,1,1,1,1
1,11,87,581,37,1,2,1000,2,1,1,1,1,12,2,1,6,2,2,1,1,1,1
1,6,42,245,45,1,2,800,2,1,1,1,1,24,2,2,6,2,2,1,1,1,1
1,6,42,81,40,1,2,950,2,1,1,1,1,12,2,2,6,2,2,1,1,1,1
1,8,38,582,40,1,2,600,2,1,1,1,1,12,2,3,5,1,2,1,1,1,1
1,5,49,448,17,2,2,1270,1,3,1,1,1,12,1,3,24,1,3,1,1,1,1
1,4,107,583,35,1,3,2000,2,1,1,1,1,12,2,3,8,2,1,1,1,1,1
1,5,7,497,15,2,2,1199,2,4,1,1,1,3,1,3,6,2,2,1,1,1,1
1,1,27,584,40,1,2,1300,5,1,1,1,1,8,2,3,7,2,1,1,1,1,1
1,5,12,415,16,2,2,1249,1,2,1,1,1,3,1,1,12,1,1,1,1,1,1
1,1,30,585,38,1,2,1200,2,1,1,1,1,12,2,2,5,2,2,1,1,1,1
1,5,48,586,16,2,2,998,1,2,1,1,1,12,1,3,6,2,1,1,1,1,1
1,7,75,587,16,2,2,1100,1,2,1,1,1,12,1,2,6,2,3,1,1,1,1
1,4,93,588,16,2,2,1100,1,3,1,1,1,12,1,1,10,1,3,2,2,1,1
1,11,122,573,50,1,2,1050,5,1,1,1,1,12,2,3,6,2,1,1,1,1,1
1,5,7,497,15,2,2,1199,2,4,1,1,1,3,1,3,6,2,2,1,1,1,1
1,1,27,584,40,1,2,1300,5,1,1,1,1,8,2,3,7,2,1,1,1,1,1
1,5,12,415,16,2,2,1249,1,2,1,1,1,3,1,1,12,1,1,1,1,1,1
1,6,42,589,39,1,2,900,2,1,1,1,1,24,2,3,4,1,2,1,1,1,1
1,5,21,59,18,2,2,1290,1,3,0,1,1,1,1,1,16,1,3,1,1,1,1
1,9,46,590,28,1,2,1400,5,1,1,1,1,8,2,3,7,2,1,1,1,1,1
1,5,13,591,43,1,2,1150,2,1,1,1,1,12,2,3,7,2,1,1,1,1,1
1,11,123,592,105,1,2,1000,3,3,2,2,1,12,2,2,8,2,1,3,3,1,1
1,2,2,543,60,1,2,1700,5,1,1,1,1,8,2,1,9,1,1,3,3,1,1
1,11,39,348,61,1,2,600,2,1,1,1,1,24,2,2,22,1,3,3,3,1,1
1,7,75,587,16,2,2,1100,1,2,1,1,1,12,1,2,6,2,3,1,1,1,1
1,12,54,166,55,1,2,1500,2,2,1,1,1,12,2,2,6,2,2,1,1,1,1
1,5,48,586,16,2,2,998,1,2,1,1,1,12,1,3,6,2,1,1,1,1,1
1,11,25,593,86,1,2,1000,4,2,1,1,1,12,2,1,20,1,2,3,3,1,1
1,6,51,594,61,1,2,900,2,2,1,1,1,12,3,3,5,1,2,1,1,1,3
1,4,60,595,36,1,2,1900,2,1,1,1,20200715,12,2,3,6,2,1,1,1,1,1
1,6,42,228,64,1,2,1100,2,2,1,1,1,12,2,3,6,2,2,1,1,1,1
1,8,38,76,82,1,4,1300,3,2,1,1,1,12,2,1,23,1,1,3,3,1,1
1,8,38,169,95,1,2,1200,3,2,1,1,1,8,2,2,6,1,1,1,1,1,1
1,1,27,596,63,1,2,1500,2,1,1,1,1,12,2,2,6,2,1,1,1,1,1
1,2,2,2,13,2,2,898,1,3,1,1,1,12,1,2,24,1,2,1,1,1,1
1,2,9,597,90,1,2,1500,2,2,1,1,1,12,2,2,6,2,2,1,1,1,1
1,5,20,598,17,2,5,998,1,2,1,1,1,12,1,2,6,2,2,1,1,1,1
1,2,2,599,81,1,2,1800,2,2,1,1,1,24,2,3,6,2,3,1,1,1,1
1,2,2,2,18,2,2,950,1,3,0,1,1,1,1,1,27,1,3,1,1,1,1
1,8,38,169,80,1,2,1200,2,2,1,1,20200801,8,2,2,26,1,1,1,1,1,1
1,9,16,328,23,2,5,1260,1,3,1,1,1,12,1,1,30,1,1,1,1,1,1
1,5,12,24,17,2,2,1140,1,3,0,1,1,1,1,1,5,2,3,1,1,1,1
1,5,11,191,12,2,2,850,1,3,1,1,1,12,1,3,6,2,3,1,1,1,1
1,8,38,323,54,1,2,1000,3,2,1,1,1,12,2,1,6,2,2,1,1,1,1
1,5,7,497,15,2,2,1199,2,4,1,1,1,3,1,3,6,2,2,1,1,1,1
1,11,39,600,60,1,2,1000,5,2,1,1,1,8,2,3,6,2,1,1,1,1,1
1,4,93,588,16,2,2,1100,1,3,1,1,1,12,1,1,10,1,3,2,2,1,1
1,6,51,601,54,1,2,800,2,2,1,1,1,12,2,1,3,2,2,3,3,1,1
1,1,34,417,18,2,5,1000,1,4,2,1,1,12,1,3,1,1,2,1,1,2,1
1,19,89,602,79,1,2,2500,5,2,1,1,1,8,2,1,6,2,1,1,1,1,1
1,15,86,603,89,1,2,1000,5,2,1,1,1,8,2,2,9,1,1,1,1,1,1
1,8,38,148,100,1,2,1100,5,3,1,1,1,8,2,3,6,2,1,3,3,1,1
1,8,38,183,66,1,2,900,5,2,1,1,1,8,3,3,6,2,1,1,1,1,1
1,15,64,604,103,1,2,900,3,2,2,1,1,12,2,2,6,2,2,1,1,1,1
1,5,12,200,14,2,2,998,1,3,0,1,1,12,1,3,6,2,3,1,1,1,1
1,3,5,11,84,1,2,700,5,2,2,1,1,12,2,3,6,2,1,1,1,1,1
1,2,9,605,15,2,2,798,1,3,0,1,1,12,1,2,11,1,3,1,1,1,1
1,3,5,11,114,1,2,600,5,3,2,1,1,8,2,3,6,2,1,1,1,1,1
1,15,81,225,107,1,2,1000,5,3,2,1,1,8,2,2,6,2,1,1,1,1,1
1,15,64,146,90,1,2,900,5,2,1,1,1,12,2,3,7,2,2,1,1,1,1
1,6,51,606,84,1,2,1000,5,2,1,1,1,12,2,3,4,2,1,1,1,1,1
1,13,43,156,90,1,2,800,5,3,2,1,1,12,2,2,18,1,2,1,1,1,1
1,13,43,144,90,1,2,1100,2,2,2,1,1,12,2,2,11,1,1,1,1,1,1
1,3,41,607,78,1,4,700,5,2,1,1,1,8,2,2,17,1,1,1,1,1,1
1,5,11,191,12,2,2,850,1,3,1,1,1,12,1,3,6,2,3,1,1,1,1
1,17,71,608,80,1,2,1200,5,2,1,1,1,12,2,1,27,2,1,3,3,1,1
1,5,21,59,18,2,2,1290,1,3,0,1,1,1,1,1,16,1,3,1,1,1,1
1,12,54,609,62,1,2,1400,5,2,1,1,1,24,2,3,6,2,1,1,1,1,1
1,2,63,163,18,2,2,1050,1,3,1,1,1,1,1,2,12,2,2,1,1,1,2
1,3,5,610,90,1,2,750,2,3,1,1,1,12,2,2,8,1,2,1,1,1,1
1,2,63,163,17,2,2,1050,1,3,1,1,1,3,1,2,5,2,2,1,1,1,2
1,2,2,117,18,2,5,880,1,3,1,1,1,12,1,1,6,2,2,1,1,1,1
1,7,105,482,16,2,2,999,1,3,1,1,1,3,1,3,9,2,2,1,1,1,1
1,17,71,611,93,1,2,1200,5,2,1,1,1,8,2,3,5,2,1,3,3,3,1
1,5,6,211,15,2,2,850,2,5,1,1,1,2,1,3,6,2,2,1,1,1,1
1,12,76,612,89,1,2,1500,2,2,2,1,1,36,2,2,27,1,2,1,1,1,1
1,5,36,64,14,2,2,900,2,3,1,1,1,1,1,3,6,2,3,1,1,1,1
1,3,5,613,87,1,2,600,3,2,1,1,1,24,2,3,12,1,2,1,1,1,1
1,5,7,90,15,2,2,1000,2,4,1,1,1,1,1,3,5,2,3,1,1,1,1
1,3,15,209,81,1,2,800,3,2,1,1,1,12,2,1,15,1,2,1,1,1,1
1,6,42,295,71,1,2,1000,2,2,1,1,1,12,2,3,6,2,2,1,1,1,1
1,11,25,614,89,1,4,1000,5,2,1,1,1,8,2,2,28,1,1,1,1,1,1
1,13,44,344,81,1,2,1200,2,2,1,1,1,24,2,3,8,1,1,1,1,1,1
1,8,38,615,75,1,2,900,2,2,1,1,1,12,2,3,6,2,1,1,1,1,1
1,5,6,616,20,2,1,1199,2,3,1,1,1,3,1,3,7,2,2,1,1,1,1
1,3,5,11,84,1,2,700,5,2,2,1,1,12,2,3,6,2,1,1,1,1,1
1,5,49,617,15,2,2,1200,1,5,1,1,1,1,1,2,18,1,3,1,1,1,1
1,17,71,608,80,1,2,1200,5,2,1,1,1,12,2,1,27,2,1,3,3,1,1
1,15,81,225,107,1,2,1000,5,3,2,1,1,8,2,2,6,2,1,1,1,1,1
1,19,89,602,79,1,2,2500,5,2,1,1,1,8,2,1,6,2,1,1,1,1,1
1,8,38,618,60,1,2,850,2,2,1,1,1,36,2,3,6,2,2,3,3,1,1
1,11,25,614,88,1,2,1000,2,2,1,1,1,12,2,1,28,1,1,1,1,1,1
1,8,38,619,96,1,2,1000,2,2,1,1,1,8,2,3,6,2,2,3,3,1,1
1,14,38,132,118,1,2,1300,5,3,1,1,1,8,3,3,6,1,1,1,1,1,1
1,9,16,370,14,2,2,1098,1,4,1,1,1,3,1,2,32,1,2,1,1,1,1
1,3,5,11,114,1,2,600,5,3,2,1,1,8,2,3,6,2,1,1,1,1,1
1,5,49,617,15,2,2,1200,1,4,1,1,1,1,1,3,18,1,3,1,1,1,1
1,15,64,146,90,1,2,900,5,2,1,1,1,12,2,3,7,2,2,1,1,1,1
1,9,16,257,14,2,2,1098,1,3,1,1,1,2,1,2,29,1,2,1,1,1,1
1,13,43,144,90,1,2,1100,2,2,2,1,1,12,2,2,11,1,1,1,1,1,1
1,10,33,620,13,2,2,1150,1,3,1,1,1,1,1,3,28,1,3,1,1,1,1
1,5,36,64,15,2,2,1150,1,3,1,1,1,1,1,3,6,2,3,1,1,1,1
1,5,36,64,16,2,2,1150,2,3,1,1,1,1,1,3,6,2,3,1,1,1,1
1,3,5,11,114,1,2,600,5,3,2,1,1,8,2,3,6,2,1,1,1,1,1
1,5,49,617,15,2,2,1200,1,5,1,1,1,1,1,2,18,1,3,1,1,1,1
1,17,71,608,80,1,2,1200,5,2,1,1,1,12,2,1,27,2,1,3,3,1,1
1,5,7,90,15,2,2,1000,1,4,1,1,1,1,1,2,5,2,3,1,1,1,1
1,3,5,621,140,1,2,650,3,4,2,2,1,12,2,1,6,2,2,1,1,1,1
1,5,36,64,15,2,2,1100,1,3,1,1,1,1,1,1,6,2,3,1,1,1,1
1,11,39,622,85,1,2,900,2,2,1,1,1,24,2,1,27,1,2,3,3,1,1
1,19,124,623,90,1,2,2300,5,2,1,1,1,12,2,3,17,1,1,1,1,1,1
1,3,15,209,81,1,2,800,3,2,1,1,1,12,2,1,15,1,2,1,1,1,1
1,12,76,612,89,1,2,1500,2,2,2,1,1,36,2,2,27,1,2,1,1,1,1
1,13,44,204,96,1,2,1300,2,3,2,1,1,24,2,1,24,1,1,1,1,1,1
1,1,28,624,10,2,2,1030,2,3,1,1,1,12,1,3,6,2,1,1,1,1,1
1,11,39,625,83,1,7,1000,5,2,1,1,1,24,2,2,26,1,2,3,3,1,1
1,1,45,86,15,2,2,1150,2,4,1,1,1,1,1,1,6,2,1,1,1,1,1
1,8,38,618,60,1,2,850,2,2,1,1,1,36,2,3,6,2,2,3,3,1,1
1,11,25,614,88,1,2,1000,2,2,1,1,1,12,2,1,28,1,1,1,1,1,1
1,3,5,11,84,1,2,700,5,2,2,1,1,12,2,3,6,2,1,1,1,1,1
1,15,125,626,100,1,2,600,3,3,1,1,1,12,2,3,5,2,2,3,3,1,1
1,8,38,212,84,1,7,800,5,3,2,1,1,8,2,2,11,1,1,3,3,1,1
1,15,85,627,114,1,2,1000,5,3,2,1,1,8,2,3,6,2,1,1,1,1,1
1,17,71,265,93,1,2,1100,2,2,1,1,1,12,2,3,32,2,2,3,3,1,1
1,9,16,337,15,2,2,1200,1,4,1,1,1,1,1,2,10,1,3,1,1,1,1
1,11,25,628,102,1,2,800,5,3,2,2,1,8,2,2,7,1,1,1,1,1,1
1,5,12,629,59,1,8,1498,4,1,1,1,1,12,1,3,7,2,1,1,1,1,3
1,11,25,628,90,1,2,600,5,3,2,1,1,8,2,1,8,1,1,1,1,1,1
1,9,99,630,16,2,2,1598,1,4,0,1,1,2,1,3,24,1,3,1,1,1,1
1,15,74,631,93,1,2,1000,5,2,1,1,1,8,2,2,11,1,1,1,1,1,1
1,2,63,145,25,2,2,898,1,3,1,1,1,1,1,3,5,2,2,1,1,1,1
1,5,7,161,12,2,2,950,2,5,1,1,1,1,1,3,7,2,3,1,1,1,1
1,10,97,632,15,2,2,1350,1,2,1,1,1,12,1,2,35,1,3,1,1,1,1
1,15,74,631,93,1,2,1000,5,2,1,1,1,8,2,2,11,1,1,1,1,1,1
1,1,34,633,40,1,1,1599,2,1,1,1,1,3,1,3,7,2,2,1,1,1,1
1,8,38,634,82,1,2,899,5,2,1,1,1,8,2,3,6,2,1,1,1,1,1
1,1,34,633,60,1,2,1599,1,1,1,1,1,3,1,3,7,2,2,1,1,1,1
1,3,59,205,85,1,2,800,5,2,1,1,1,8,2,3,6,2,1,1,1,1,1
1,5,12,282,11,2,2,750,1,3,1,1,1,1,1,3,7,2,2,1,1,1,1
1,11,39,635,99,1,2,850,5,3,1,1,1,8,2,1,23,1,1,1,1,3,1
1,15,74,184,120,1,2,1000,5,3,2,1,1,12,2,1,11,1,1,1,1,1,1
1,12,54,636,70,1,2,1500,2,2,1,1,1,12,2,3,7,2,2,1,1,1,1
1,15,82,637,69,1,2,1000,5,2,1,1,1,8,2,1,16,1,1,1,1,1,1
1,12,76,267,86,1,2,1000,5,2,1,1,1,8,2,3,18,1,1,1,1,1,1
1,10,109,481,11,2,2,1490,2,3,1,1,1,12,1,3,32,1,1,1,1,1,1
1,3,15,20,115,1,2,800,4,3,2,2,1,12,2,1,8,1,1,1,1,1,1
1,9,55,226,10,2,1,1590,2,2,1,1,1,12,1,3,6,2,1,1,1,1,1
1,15,81,638,83,1,2,900,5,2,1,1,1,8,2,2,7,2,1,1,1,1,1
1,14,38,639,92,1,2,1200,5,3,2,1,1,8,2,1,8,1,1,3,3,1,1
1,15,86,640,92,1,2,800,3,2,1,1,1,8,2,2,7,2,1,1,1,1,1
1,15,86,640,74,1,2,900,3,2,1,1,1,12,2,2,22,1,2,1,1,1,1
1,8,38,203,96,1,2,900,5,2,1,1,1,8,2,3,6,2,1,1,1,1,1
1,6,42,232,60,1,2,900,2,2,1,1,1,12,2,3,6,2,2,1,1,1,1
1,6,42,232,69,1,2,900,5,2,1,1,1,8,2,3,6,2,1,1,1,1,1
1,5,6,641,15,2,2,900,1,3,1,1,1,1,1,2,7,1,2,1,1,1,1
1,11,39,71,60,1,2,600,2,1,1,1,1,12,2,3,18,1,1,1,1,1,1
1,5,21,119,20,2,5,1199,2,4,1,2,1,1,1,3,20,1,1,1,1,1,1
1,14,38,639,125,1,2,1200,5,3,2,2,1,8,2,3,8,1,1,1,1,1,1
1,10,32,372,30,2,2,1000,2,3,1,1,1,12,1,3,6,2,2,1,1,1,1
1,6,42,642,62,1,2,800,5,2,1,1,1,8,2,3,4,2,1,1,1,1,3
1,1,34,113,12,2,2,800,2,4,1,1,1,3,1,3,6,2,2,1,1,1,1
1,5,6,304,10,2,5,601,2,4,1,1,1,3,1,2,30,1,2,1,1,1,1
1,5,12,289,22,2,2,601,1,4,1,1,1,1,1,3,6,2,2,1,1,1,1
1,11,39,643,76,1,2,800,5,2,2,1,1,8,2,2,26,1,1,1,1,1,1
1,10,97,644,14,2,5,950,2,4,1,1,1,2,1,3,10,1,3,1,1,1,1
1,6,42,645,77,1,2,1000,2,2,1,1,1,24,2,3,6,2,2,1,1,1,1
1,5,6,304,10,2,5,601,2,4,1,1,1,3,1,2,30,1,2,1,1,1,1
1,3,73,646,119,1,2,800,3,3,2,2,1,24,2,2,18,1,3,1,1,1,1
1,1,34,647,15,2,2,850,1,3,1,1,1,1,1,2,6,2,2,1,1,1,1
1,3,5,648,130,1,2,500,4,3,2,2,1,12,2,2,8,1,2,1,1,1,1
1,8,126,649,95,1,2,900,3,2,1,1,1,12,2,1,6,1,1,1,1,1,1
1,6,42,89,63,1,2,900,5,2,1,1,1,8,2,3,6,2,1,1,1,1,1
1,6,42,650,55,1,2,800,5,1,1,1,1,8,2,3,24,1,1,2,2,2,1
1,6,42,81,59,1,1,800,5,2,1,1,20200715,8,2,3,6,2,1,1,1,1,1
1,10,92,651,13,2,2,700,2,5,2,1,1,12,1,3,7,2,3,1,1,1,1
1,13,43,156,84,1,1,1350,2,2,1,1,1,12,2,3,33,1,2,1,1,1,1
1,5,13,652,15,2,2,899,1,3,1,1,1,1,1,2,7,2,2,1,1,1,1
1,8,38,653,64,1,2,1000,2,2,1,1,1,8,2,3,6,2,2,1,1,1,1
1,6,42,233,59,1,2,1000,2,2,1,1,1,8,2,1,6,2,2,3,3,1,1
1,3,5,654,76,1,2,500,5,2,1,1,1,12,2,2,8,1,1,1,1,1,1
1,3,41,333,84,1,2,600,4,2,2,1,1,24,2,3,16,1,2,1,1,1,1
1,13,43,574,90,1,2,1400,2,2,1,1,1,12,2,3,11,1,1,1,1,1,1
1,8,38,655,90,1,2,800,5,2,1,1,1,8,2,2,26,2,1,3,3,1,1
1,6,51,656,168,1,2,1000,5,3,1,2,1,12,2,3,26,1,1,1,1,1,1
1,1,34,113,12,2,2,800,2,4,1,1,1,3,1,3,6,2,2,1,1,1,1
1,8,38,657,97,1,2,700,5,2,1,1,1,8,2,3,7,2,1,3,3,1,1
1,11,26,658,10,2,2,610,1,4,1,1,1,5,1,3,6,2,3,1,1,1,1
1,14,38,639,90,1,2,1300,2,2,2,1,1,12,2,1,12,1,1,1,1,1,1
1,5,12,289,22,2,2,601,1,4,1,1,1,1,1,3,6,2,2,1,1,1,1
1,8,127,659,97,1,2,1000,2,2,1,1,1,12,2,3,28,1,1,1,1,1,1
1,10,57,660,10,2,8,610,2,5,1,1,1,6,1,3,7,2,2,1,1,1,1
1,10,92,651,21,2,2,1050,4,5,2,1,1,12,1,3,7,2,3,1,1,1,1
1,5,12,282,11,2,2,750,1,3,1,1,1,1,1,3,7,2,2,1,1,1,1
1,11,39,71,60,1,2,600,2,1,1,1,1,12,2,3,18,1,1,1,1,1,1
1,5,7,661,8,2,2,601,2,3,1,1,1,3,1,3,6,2,2,1,1,1,1
1,14,38,639,125,1,2,1200,5,3,2,2,1,8,2,3,8,1,1,1,1,1,1
1,5,48,662,15,2,2,900,1,3,1,1,1,1,1,2,5,2,2,1,1,1,1
1,11,25,628,92,1,2,1000,5,2,2,1,1,8,2,2,6,1,1,1,1,1,1
1,9,16,257,14,2,2,1360,2,3,1,1,1,12,1,3,29,1,1,1,1,1,1
1,12,76,267,86,1,2,1000,5,2,1,1,1,8,2,3,18,1,1,1,1,1,1
1,3,15,20,115,1,2,800,4,3,2,2,1,12,2,1,8,1,1,1,1,1,1
1,15,81,638,83,1,2,900,5,2,1,1,1,8,2,2,7,2,1,1,1,1,1
1,8,38,663,107,1,2,750,5,3,2,1,1,8,2,2,32,1,1,1,1,1,1
1,6,42,232,61,1,2,900,2,2,1,1,1,12,2,3,6,2,2,1,1,1,1
1,9,47,664,22,2,2,999,2,2,1,1,1,3,2,3,6,2,2,1,1,1,1
1,11,39,635,99,1,2,850,5,3,1,1,1,8,2,1,23,1,1,1,1,3,1
1,5,11,665,7,2,7,1260,2,2,1,1,1,12,1,1,6,2,1,1,1,1,1
1,15,74,184,120,1,2,1000,5,3,2,1,1,12,2,1,11,1,1,1,1,1,1
1,12,54,636,70,1,2,1500,2,2,1,1,1,12,2,3,7,2,2,1,1,1,1
1,15,82,637,69,1,2,1000,5,2,1,1,1,8,2,1,16,1,1,1,1,1,1
1,13,37,666,92,1,2,1000,2,2,1,1,1,12,2,1,24,1,2,1,1,1,1
1,6,42,667,58,1,2,600,2,2,1,1,1,24,2,3,4,2,2,1,1,1,1
1,15,128,668,160,1,2,1000,2,4,2,2,1,36,2,2,7,2,1,1,1,1,1
1,8,38,634,82,1,2,899,5,2,1,1,1,8,2,3,6,2,1,1,1,1,1
1,1,34,669,15,2,2,620,2,5,1,1,1,3,1,3,6,2,1,1,1,1,3
1,11,25,670,90,1,2,800,5,2,1,1,1,8,2,1,27,1,1,1,1,1,1
1,1,17,671,15,2,5,1099,1,3,1,1,1,12,1,3,6,2,3,1,1,1,1
1,13,43,192,61,1,1,1400,2,1,1,1,1,12,2,3,14,1,2,1,1,1,1
1,12,53,672,15,2,2,650,1,4,1,2,1,1,1,3,4,2,2,1,1,1,1
1,13,37,157,82,1,2,900,3,2,1,1,1,12,2,1,17,1,2,1,1,1,1
1,2,9,427,16,2,2,998,1,3,1,1,1,1,1,3,30,1,2,1,1,1,1
1,2,2,673,7,2,4,990,2,3,1,1,1,12,1,3,5,2,3,1,1,1,1
1,2,2,66,13,2,2,850,1,3,1,1,1,1,1,2,24,1,2,1,1,1,2
1,3,41,607,66,1,2,600,5,1,1,1,1,8,2,2,15,1,1,1,1,1,1
1,5,6,674,10,2,5,601,2,3,1,1,1,3,1,3,8,1,2,1,1,1,1
1,12,77,675,85,1,2,1500,2,2,1,1,1,12,2,3,24,1,1,3,3,1,1
1,12,53,533,28,2,2,850,1,4,1,2,1,1,1,3,28,1,2,1,1,1,1
1,8,38,676,97,1,1,800,2,1,1,1,1,12,2,3,31,1,2,1,1,1,1
1,2,2,66,13,2,2,850,1,3,1,1,1,1,1,2,24,1,2,1,1,1,2
1,15,128,677,54,1,2,1000,5,1,1,1,1,24,2,3,11,1,1,1,1,1,1
1,3,5,42,93,1,2,700,2,2,2,1,1,12,3,1,7,1,1,3,3,1,1
1,6,51,678,59,1,2,1000,5,2,1,1,1,12,2,2,4,2,2,1,1,1,1
1,8,69,679,79,1,2,700,5,2,2,1,1,8,2,1,28,1,1,1,1,1,1
1,2,63,254,96,1,2,1000,2,3,1,2,1,24,2,1,13,1,1,1,1,1,1
1,2,2,31,13,2,2,1000,1,3,1,1,1,1,1,2,19,2,2,1,1,1,2
1,15,81,225,83,1,2,1000,4,2,1,1,1,12,2,2,7,2,2,1,1,1,1
1,2,9,680,10,2,4,790,2,3,1,1,1,12,1,3,5,2,3,1,1,1,1
1,8,38,681,66,1,2,1000,4,2,1,2,1,12,2,3,6,2,2,1,1,1,1
1,19,89,682,114,1,2,2500,5,2,2,1,1,8,2,2,10,2,1,3,3,1,1
1,8,38,676,168,1,2,800,2,4,1,2,1,12,2,3,31,1,2,1,1,1,1
1,15,81,683,70,1,2,900,5,2,1,1,1,12,2,3,5,2,1,1,1,1,1
1,6,42,89,57,1,2,800,2,2,1,1,1,12,2,3,6,2,2,1,1,1,1
1,8,14,684,83,1,4,1000,2,2,1,1,1,12,2,1,30,1,1,1,1,1,1
1,3,129,685,125,1,2,800,4,3,2,2,1,12,2,3,30,1,1,1,1,1,1
1,13,44,686,13,2,2,1130,2,3,1,1,1,12,1,3,9,1,1,1,1,1,1
1,11,25,687,61,1,2,800,5,1,1,1,1,8,2,3,6,2,1,1,1,1,1
1,1,27,688,14,2,2,1190,2,3,1,1,1,12,1,1,5,2,3,1,1,1,1
1,8,38,689,102,1,2,900,5,3,1,1,1,8,2,2,24,1,1,1,1,1,1
1,10,97,324,21,2,2,1299,2,4,1,2,1,3,1,1,40,1,2,1,1,1,1
1,6,42,233,58,1,2,800,5,2,1,1,1,8,2,3,6,2,1,1,1,1,1
1,19,106,389,10,2,2,750,3,5,1,3,1,12,1,3,5,2,3,1,1,1,2
1,2,9,427,13,2,2,950,1,3,1,1,1,1,1,1,26,1,2,1,1,1,2
1,12,77,690,25,2,2,850,1,4,1,1,1,1,1,3,32,1,2,1,1,1,1
1,11,39,691,92,1,2,1000,5,2,1,1,1,12,2,2,23,1,3,1,1,1,1
1,2,9,427,13,2,2,950,1,3,1,1,1,1,1,1,26,1,2,1,1,1,2
1,6,42,692,56,1,2,950,5,2,1,1,1,8,2,3,6,2,1,1,1,1,1
1,2,2,31,13,2,2,1000,1,3,1,1,1,1,1,2,19,2,2,1,1,1,2
1,6,42,642,62,1,2,800,5,2,1,1,1,8,2,3,4,2,1,1,1,1,3
1,2,2,79,14,2,2,900,1,3,1,1,1,1,1,2,10,2,2,3,3,1,2
1,3,130,693,128,1,2,800,4,3,2,2,1,24,2,3,27,1,1,1,1,1,1
1,3,5,694,98,1,2,600,5,2,2,1,1,8,2,1,15,1,1,1,1,1,1
1,15,131,695,76,1,2,1000,5,1,1,1,1,8,2,2,23,1,1,1,1,1,1
1,8,14,291,99,1,2,900,2,2,1,1,1,12,2,1,30,1,2,1,1,1,1
1,18,83,696,98,1,2,800,2,3,1,1,1,12,2,2,7,1,1,1,1,1,1
1,13,44,686,13,2,2,1130,2,3,1,1,1,12,1,3,9,1,1,1,1,1,1
1,11,25,628,92,1,2,1000,5,2,2,1,1,8,2,2,6,1,1,1,1,1,1
1,2,2,673,7,2,4,990,2,3,1,1,1,12,1,3,5,2,3,1,1,1,1
1,12,76,267,86,1,2,1000,5,2,1,1,1,8,2,3,18,1,1,1,1,1,1
1,3,15,20,115,1,2,800,4,3,2,2,1,12,2,1,8,1,1,1,1,1,1
1,15,74,697,78,1,2,1000,5,2,2,1,1,8,2,3,6,2,1,1,1,1,1
1,14,38,639,92,1,2,1200,5,3,2,1,1,8,2,1,8,1,1,3,3,1,1
1,15,86,640,92,1,2,800,3,2,1,1,1,8,2,2,7,2,1,1,1,1,1
1,8,38,203,96,1,2,900,5,2,1,1,1,8,2,3,6,2,1,1,1,1,1
1,8,38,634,82,1,2,899,5,2,1,1,1,8,2,3,6,2,1,1,1,1,1
1,2,2,66,12,2,2,700,1,3,1,1,1,1,1,2,24,1,2,1,1,1,2
1,3,59,205,85,1,2,800,5,2,1,1,1,8,2,3,6,2,1,1,1,1,1
1,13,44,698,9,2,4,1130,2,2,1,1,1,12,1,3,6,2,1,1,1,1,1
1,6,42,232,61,1,2,900,2,2,1,1,1,12,2,3,6,2,2,1,1,1,1
1,13,44,698,21,2,4,1160,2,3,1,1,1,12,1,1,6,2,1,1,1,1,1
1,15,82,699,90,1,2,600,4,2,1,1,1,12,2,2,18,1,2,1,1,1,1
1,8,14,314,8,2,2,830,2,3,1,1,1,12,1,3,24,1,1,1,1,1,1
1,7,10,700,7,2,2,1130,2,2,1,1,1,12,1,2,26,1,1,1,1,1,1
1,7,10,255,8,2,2,1230,2,2,1,1,1,12,1,1,26,1,1,1,1,1,1
1,8,38,701,76,1,2,1050,5,3,1,1,1,8,2,1,6,2,1,3,3,1,1
1,7,10,700,7,2,2,1130,2,2,1,1,1,12,1,2,26,1,1,1,1,1,1
1,8,14,291,99,1,2,1000,5,2,1,1,1,8,2,1,33,1,1,1,1,1,1
1,13,37,185,8,2,4,830,2,4,1,2,1,12,1,2,11,1,1,1,1,1,1
1,13,37,666,83,1,2,1200,2,2,1,1,1,12,2,3,32,1,1,1,1,1,1
1,10,97,324,18,2,2,1280,2,4,1,2,1,3,1,1,60,1,2,1,1,1,1
1,6,42,702,66,1,2,600,5,2,1,1,1,8,2,3,4,1,1,1,1,1,1
1,12,84,703,60,1,2,1400,2,2,1,1,1,12,2,3,5,2,1,1,1,1,1
1,19,124,704,79,1,2,2100,2,2,1,1,1,36,2,2,22,2,3,3,3,1,1
1,3,41,333,84,1,2,600,4,2,2,1,1,24,2,3,16,1,2,1,1,1,1
1,8,72,705,64,1,2,850,2,1,1,1,1,12,2,3,20,1,2,2,2,2,1
1,13,37,173,9,2,4,990,2,4,1,1,1,12,1,2,14,1,3,1,1,1,1
1,11,26,706,86,1,2,1000,2,2,1,1,1,12,3,2,28,1,3,3,3,1,1
1,5,21,40,18,2,2,999,1,3,1,1,1,1,1,3,32,1,1,1,1,1,1
1,14,38,155,120,1,2,1000,4,3,2,2,1,12,2,1,28,1,2,1,1,1,1
1,8,14,707,94,1,1,1000,4,2,1,1,1,24,2,2,27,2,2,3,3,1,1
1,6,51,708,60,1,2,850,2,1,1,1,1,12,2,2,4,2,2,1,1,1,1
1,11,25,709,68,1,2,1000,3,1,1,1,1,12,2,1,30,1,1,1,1,1,1
1,13,44,710,60,1,1,1300,2,1,1,1,1,12,2,3,6,2,3,1,1,1,1
1,6,132,711,68,1,2,800,2,1,1,1,1,36,2,3,27,1,1,1,1,1,1
1,14,38,155,114,1,2,1300,2,3,1,2,1,12,2,2,32,1,1,1,1,1,1
1,5,21,40,18,2,2,999,1,3,1,1,1,1,1,1,32,1,3,1,1,1,1
1,6,42,692,66,1,2,1000,5,2,1,1,1,8,2,3,6,2,1,1,1,1,1
1,5,12,712,13,2,2,900,1,3,1,1,1,1,1,3,6,2,2,1,1,1,1
1,6,42,154,72,1,2,1000,5,2,1,1,1,8,2,3,6,1,1,1,1,1,1
1,5,36,405,15,2,2,880,1,3,1,1,1,1,1,2,6,2,2,1,1,1,1
1,6,42,702,66,1,2,600,5,2,1,1,1,8,2,3,4,2,1,1,1,1,1
1,7,94,713,15,2,2,999,1,3,1,1,1,1,1,1,31,1,2,1,1,1,1
1,5,49,448,18,2,2,1198,1,2,1,1,1,12,1,3,24,1,2,1,1,1,1
1,5,49,448,15,2,5,1298,1,2,1,1,1,12,1,1,18,1,2,1,1,1,1
1,13,43,574,89,1,5,1400,2,2,1,1,1,12,2,2,11,1,2,1,1,1,1
1,5,49,448,18,2,2,1198,1,2,1,1,1,12,1,3,24,1,2,1,1,1,1
1,8,38,714,79,1,1,1000,2,2,1,1,1,12,2,3,6,2,1,1,1,1,1
1,5,36,405,14,2,2,1220,1,4,1,1,1,1,1,1,6,2,3,1,1,1,1
1,8,38,701,76,1,2,1050,5,3,1,1,1,8,2,1,6,2,1,3,3,1,1
1,5,13,715,21,2,2,1199,2,2,1,1,1,3,1,3,5,2,2,1,1,1,1
1,19,89,716,91,1,2,2300,2,3,1,1,1,12,2,3,6,2,1,1,1,1,2
1,3,5,717,82,1,2,600,5,2,1,1,1,12,2,2,8,1,2,3,3,1,1
1,6,51,718,88,1,2,1000,2,2,1,1,1,12,2,3,18,1,2,1,1,1,1
1,13,43,144,93,1,2,1400,2,2,1,1,1,12,2,3,22,1,2,1,1,1,1
1,3,5,11,128,1,2,650,4,3,2,2,1,12,2,2,24,1,2,1,1,1,1
1,2,2,79,17,2,2,1000,1,3,1,1,1,1,1,2,9,2,2,3,3,1,2
1,12,96,310,60,1,2,1400,5,2,1,1,1,8,2,3,7,2,1,1,1,1,1
1,1,34,57,13,2,7,1000,2,5,1,1,1,1,1,3,17,1,3,1,1,2,1
1,19,89,602,106,1,2,2400,2,2,2,1,1,12,3,3,5,2,2,1,1,1,1
1,15,64,604,66,1,2,900,3,2,1,1,1,12,2,2,6,2,2,1,1,1,1
1,8,38,663,125,1,2,600,5,3,2,2,1,8,2,2,8,1,1,3,3,1,1
1,3,5,719,141,1,2,800,5,3,2,2,1,8,2,2,5,2,1,1,1,1,1
1,13,43,720,85,1,2,1400,2,2,1,1,1,12,2,2,5,2,2,1,1,1,1
1,11,39,721,83,1,2,800,5,2,1,1,1,36,2,3,23,1,1,3,3,1,1
1,12,76,722,78,1,2,950,5,2,2,1,1,8,2,1,25,2,1,1,1,1,1
1,9,16,206,16,2,2,998,1,3,1,1,1,12,1,2,30,1,2,1,1,1,1
1,6,42,723,71,1,2,650,5,2,1,1,1,12,2,2,4,2,1,1,1,1,1
1,5,48,724,12,2,2,998,1,4,1,1,1,3,1,2,28,1,2,1,1,1,1
1,6,51,343,56,1,2,800,2,2,1,1,1,12,2,3,4,1,1,1,1,1,1
1,5,6,211,15,2,2,850,2,5,1,1,1,6,1,3,6,2,3,1,1,1,1
1,3,73,181,90,1,2,700,4,2,1,1,1,12,2,3,16,1,2,1,1,1,1
1,4,93,725,25,2,2,1098,1,4,0,1,1,3,1,3,15,1,3,1,1,1,1
1,5,31,726,15,2,2,1250,1,3,1,1,1,12,1,3,31,1,3,1,1,1,1
1,4,93,440,35,2,2,1799,1,3,1,1,1,12,1,2,28,1,2,1,1,1,1
1,17,71,321,99,1,2,900,2,2,1,1,1,12,2,1,24,1,2,1,1,1,2
1,5,36,727,13,2,2,999,1,3,1,1,1,12,1,3,6,2,1,1,1,1,3
1,12,35,210,87,1,2,1000,3,2,1,1,1,12,2,3,30,1,1,2,2,1,1
1,5,36,728,15,2,2,1000,2,3,1,1,1,1,1,3,6,2,3,1,1,1,1
1,3,129,685,87,1,2,500,3,2,1,1,1,8,2,3,27,1,1,1,1,1,1
1,1,34,120,46,1,5,1150,4,1,1,1,1,12,1,1,6,2,1,1,1,1,1
1,13,44,344,63,1,2,1200,2,1,1,1,1,12,2,3,11,1,1,1,1,1,1
1,6,42,154,72,1,2,1000,5,2,2,1,1,8,2,3,6,2,1,1,1,1,1
1,6,51,579,60,1,2,800,5,2,1,1,1,8,2,3,6,2,1,3,3,1,1
1,8,38,729,94,1,2,900,4,2,1,1,1,12,2,3,6,2,1,1,1,1,1
1,2,9,730,91,1,2,1000,5,3,1,1,1,8,2,2,16,1,1,1,1,1,1
1,5,12,289,15,2,2,1099,2,5,2,2,1,3,1,3,6,2,1,1,1,1,1
1,13,37,157,86,1,2,1200,5,2,1,1,1,12,2,1,16,1,1,1,1,1,1
1,4,95,308,13,2,2,1498,1,3,1,1,1,3,1,2,30,1,2,2,2,1,1
1,8,38,731,65,1,2,1000,5,2,1,1,1,8,2,3,6,2,1,3,3,1,1
1,12,77,732,86,1,2,1500,5,2,1,1,1,8,2,3,7,2,1,1,1,1,1
1,3,41,80,106,1,2,700,5,2,1,1,1,12,2,2,6,1,2,1,1,1,1
1,15,64,733,62,1,2,900,5,1,1,1,1,8,2,2,6,2,1,1,1,1,1
1,8,38,249,102,1,2,800,2,2,2,1,1,12,2,2,28,1,1,1,1,1,1
1,12,96,734,60,1,2,1500,5,2,1,1,1,8,2,3,6,2,1,1,1,1,1
1,8,14,314,80,1,2,800,5,2,1,1,1,8,2,3,18,1,1,1,1,1,1
1,9,16,206,15,2,2,848,1,3,1,1,1,3,1,1,36,1,2,1,1,1,1
1,12,77,735,63,1,2,1100,5,1,1,1,1,8,2,3,26,1,1,1,1,1,1
1,8,111,736,14,2,2,998,1,3,1,1,1,3,1,3,6,2,2,1,1,1,1
1,8,38,737,69,1,2,900,2,2,1,1,1,12,2,3,6,1,1,1,1,1,1
1,2,133,738,16,2,1,1000,1,3,1,1,1,12,1,3,1,2,2,1,1,1,1
1,3,15,739,150,1,2,600,3,3,2,2,1,12,2,3,7,1,1,1,1,1,1
1,9,119,740,17,2,7,1450,1,2,1,1,1,12,1,3,30,1,3,1,1,1,1
1,1,30,50,15,2,2,850,2,4,1,1,1,12,1,2,5,2,3,1,1,1,1
1,5,98,741,12,2,2,798,1,3,1,1,1,12,1,3,6,2,3,1,1,1,1
1,8,14,314,135,1,2,900,4,3,2,2,1,12,2,3,6,2,1,1,1,1,1
1,9,99,742,18,2,2,1000,1,3,1,1,1,12,1,2,24,1,3,1,1,1,1
1,6,42,89,63,1,2,900,5,2,1,1,1,8,2,3,6,2,1,1,1,1,1
1,5,11,191,18,2,2,850,4,3,0,1,1,1,1,1,6,2,3,1,1,1,1
1,6,42,650,55,1,2,800,5,1,1,1,1,8,2,3,24,1,1,2,2,2,1
1,9,16,206,13,2,2,999,4,3,1,1,1,12,1,1,36,1,2,1,1,1,1
1,6,42,233,59,1,2,1000,2,2,1,1,1,8,2,1,6,2,2,3,3,1,1
1,3,5,654,76,1,2,500,5,2,1,1,1,12,2,2,8,1,1,1,1,1,1
1,11,39,165,74,1,2,1000,2,2,1,1,1,24,2,1,28,1,1,1,1,1,1
1,3,59,205,104,1,2,500,3,3,1,1,1,24,2,2,15,1,2,1,1,1,1
1,11,123,743,62,1,2,1050,2,2,1,1,1,12,2,2,6,2,1,1,3,1,1
1,2,133,738,16,2,1,1000,1,3,1,1,1,12,1,3,1,2,2,1,1,1,1
1,2,9,102,85,1,2,800,5,2,2,1,1,12,2,3,11,1,1,1,1,1,1
1,1,30,50,15,2,2,850,2,4,1,1,1,12,1,2,5,2,3,1,1,1,1
1,19,89,744,102,1,2,2500,2,2,2,1,1,12,2,3,13,1,1,1,1,1,1
1,12,35,62,115,1,2,1500,2,3,1,1,1,36,3,3,9,1,1,1,1,1,1
1,13,43,192,61,1,1,1400,2,1,1,1,1,12,2,3,14,1,2,1,1,1,1
1,13,37,157,82,1,2,900,3,2,1,1,1,12,2,1,17,1,2,1,1,1,1
1,6,42,81,67,1,2,1000,5,2,1,1,1,8,2,3,6,2,1,1,1,1,1
1,15,82,234,65,1,2,1000,4,1,1,1,1,12,2,1,11,1,1,1,1,1,1
1,3,5,11,100,1,2,750,4,2,2,1,1,12,2,2,24,1,2,1,1,1,1
1,9,119,740,17,2,7,1450,1,2,1,1,1,12,1,3,30,1,3,1,1,1,1
1,17,71,745,62,1,2,1200,5,1,1,1,1,8,2,2,6,2,1,3,3,3,3
1,5,12,746,20,2,2,1000,1,3,1,1,1,1,1,3,6,2,2,1,1,1,1
1,8,38,747,88,1,2,1100,2,2,1,1,1,12,2,3,6,1,2,1,1,1,1
1,5,12,748,16,2,2,1100,1,3,1,1,1,12,1,2,7,1,3,1,1,1,1
1,12,54,749,58,1,2,1500,5,2,1,1,1,8,2,2,5,2,1,1,1,1,1
1,11,25,750,15,2,2,1030,2,3,1,1,1,12,1,3,6,2,3,1,1,1,1
1,11,25,750,13,2,2,1060,2,2,1,1,1,12,1,3,6,2,3,1,1,1,1
1,11,25,750,15,2,2,1030,2,3,1,1,1,12,1,3,6,2,3,1,1,1,1
1,13,43,751,56,1,4,1100,2,1,1,1,20200715,12,2,3,24,2,2,3,3,2,3
1,2,9,427,18,2,2,1050,1,3,1,1,1,1,1,2,26,1,2,3,3,1,2
1,6,42,233,56,1,2,1000,5,2,1,1,1,8,2,2,4,2,2,1,1,1,1
1,2,9,159,15,2,2,999,1,2,0,1,1,12,2,1,30,1,3,1,1,2,1
1,11,39,71,62,1,2,600,5,1,1,1,1,8,2,1,22,1,1,1,1,1,1
1,5,20,341,15,2,2,998,1,2,1,1,1,12,1,1,6,2,2,1,1,1,1
1,11,39,348,86,1,2,800,2,2,1,1,1,12,2,1,18,1,1,3,3,1,1
1,6,51,718,62,1,2,900,2,2,1,1,1,12,2,2,5,2,1,1,1,1,1
1,6,42,752,116,1,2,800,2,3,1,1,1,12,2,3,5,1,1,3,3,1,1
1,13,44,179,83,1,2,1350,2,2,1,1,1,12,2,1,11,1,1,1,1,1,1
1,6,42,81,59,1,1,800,5,2,1,1,20200715,8,2,3,6,2,1,1,1,1,1
1,2,9,427,13,2,2,1000,1,3,1,1,1,1,1,3,25,1,2,3,3,1,2
1,6,42,753,56,1,2,800,2,2,1,1,1,12,2,3,4,2,2,1,1,1,1
1,2,9,427,12,2,2,698,1,4,1,1,1,12,1,2,30,1,1,3,3,1,3
1,15,82,234,57,1,2,1000,4,1,1,1,1,12,2,1,11,1,2,1,1,1,1
1,13,43,156,84,1,1,1350,2,2,1,1,1,12,2,3,33,1,2,1,1,1,1
1,8,38,653,64,1,2,1000,2,2,1,1,1,8,2,3,6,2,2,1,1,1,1
1,12,77,754,57,1,2,1200,2,2,1,1,1,12,2,3,5,2,1,1,1,1,1
1,8,38,317,74,1,2,1000,2,2,1,1,1,12,2,2,6,2,2,1,1,1,1
1,8,38,755,68,1,2,1000,5,2,1,1,1,12,2,3,6,1,1,3,3,1,1
1,13,44,710,60,1,1,1300,2,1,1,1,1,12,2,3,6,2,3,1,1,1,1
1,11,25,750,15,2,2,1030,2,3,1,1,1,12,1,3,6,2,3,1,1,1,1
1,12,134,756,99,1,1,1500,2,3,2,1,1,12,2,3,16,2,3,1,1,1,1
1,11,25,750,9,2,4,930,2,3,1,1,1,12,1,3,6,2,3,1,1,1,1
1,8,38,203,87,1,2,1000,4,2,2,1,1,12,2,3,6,2,1,1,1,1,1
1,11,25,750,15,2,2,1030,2,3,1,1,1,12,1,3,6,2,3,1,1,1,1
1,6,42,642,73,1,8,1000,5,2,1,1,1,12,2,2,5,1,2,1,1,1,1
1,11,25,750,13,2,2,1060,2,2,1,1,1,12,1,3,6,2,3,1,1,1,1
1,2,133,757,9,2,2,1090,2,4,1,2,1,12,1,1,9,1,3,1,1,1,1
1,13,44,758,14,2,2,1160,2,3,1,1,1,12,1,3,11,1,1,1,1,1,1
